ENSEMBL_GENE	SYMBOL	ENSEMBL_PROTEIN	ENSEMBL_TRANSCRIPT
ENSG00000134250	NOTCH2	ENSP00000256646	ENST00000256646
ENSG00000116128	BCL9	ENSP00000234739	ENST00000234739
ENSG00000178104	PDE4DIP	ENSP00000358363	ENST00000369356
ENSG00000143437	ARNT	ENSP00000351407	ENST00000358595
ENSG00000143379	SETDB1	ENSP00000271640	ENST00000271640
ENSG00000143556	S100A7	ENSP00000357711	ENST00000368722
ENSG00000160685	ZBTB7B	ENSP00000406286	ENST00000417934
ENSG00000198400	NTRK1	ENSP00000431418	ENST00000524377
ENSG00000163518	FCRL4	ENSP00000271532	ENST00000271532
ENSG00000072694	FCGR2B	ENSP00000351497	ENST00000358671
ENSG00000162733	DDR2	ENSP00000356899	ENST00000367922
ENSG00000143322	ABL2	ENSP00000427562	ENST00000502732
ENSG00000135829	DHX9	ENSP00000356520	ENST00000367549
ENSG00000047410	TPR	ENSP00000356448	ENST00000367478
ENSG00000134371	CDC73	ENSP00000356405	ENST00000367435
ENSG00000081237	PTPRC	ENSP00000411355	ENST00000442510
ENSG00000163435	ELF3	ENSP00000352673	ENST00000359651
ENSG00000159388	BTG2	ENSP00000290551	ENST00000290551
ENSG00000198625	MDM4	ENSP00000356150	ENST00000367182
ENSG00000152104	PTPN14	ENSP00000355923	ENST00000366956
ENSG00000143748	NVL	ENSP00000281701	ENST00000281701
ENSG00000163041	H3-3A	ENSP00000355780	ENST00000366815
ENSG00000155816	FMN2	ENSP00000318884	ENST00000319653
ENSG00000182901	RGS7	ENSP00000355523	ENST00000366565
ENSG00000091483	FH	ENSP00000355518	ENST00000366560
ENSG00000117020	AKT3	ENSP00000500582	ENST00000673466
ENSG00000183508	TENT5C	ENSP00000358458	ENST00000369448
ENSG00000116815	CD58	ENSP00000358501	ENST00000369489
ENSG00000163399	ATP1A1	ENSP00000445306	ENST00000537345
ENSG00000213281	NRAS	ENSP00000358548	ENST00000369535
ENSG00000197323	TRIM33	ENSP00000351250	ENST00000358465
ENSG00000162775	RBM15	ENSP00000358799	ENST00000369784
ENSG00000122406	RPL5	ENSP00000359345	ENST00000370321
ENSG00000142867	BCL10	ENSP00000498104	ENST00000648566
ENSG00000162613	FUBP1	ENSP00000359804	ENST00000370768
ENSG00000162434	JAK1	ENSP00000499900	ENST00000672434
ENSG00000177606	JUN	ENSP00000360266	ENST00000371222
ENSG00000117318	ID3	ENSP00000363689	ENST00000374561
ENSG00000158062	UBXN11	ENSP00000363339	ENST00000374222
ENSG00000117713	ARID1A	ENSP00000320485	ENST00000324856
ENSG00000060656	PTPRU	ENSP00000334941	ENST00000345512
ENSG00000119535	CSF3R	ENSP00000362195	ENST00000373103
ENSG00000116954	RRAGC	ENSP00000362092	ENST00000373001
ENSG00000117400	MPL	ENSP00000361548	ENST00000372470
ENSG00000162367	TAL1	ENSP00000294339	ENST00000294339
ENSG00000123473	STIL	ENSP00000360944	ENST00000371877
ENSG00000123080	CDKN2C	ENSP00000262662	ENST00000262662
ENSG00000085832	EPS15	ENSP00000360798	ENST00000371733
ENSG00000074964	ARHGEF10L	ENSP00000355060	ENST00000361221
ENSG00000142798	HSPG2	ENSP00000363827	ENST00000374695
ENSG00000065526	SPEN	ENSP00000364912	ENST00000375759
ENSG00000142627	EPHA2	ENSP00000351209	ENST00000358432
ENSG00000116731	PRDM2	ENSP00000235372	ENST00000235372
ENSG00000197530	MIB2	ENSP00000426103	ENST00000505820
ENSG00000215790	SLC35E2A	ENSP00000495949	ENST00000643905
ENSG00000157873	TNFRSF14	ENSP00000347948	ENST00000355716
ENSG00000142611	PRDM16	ENSP00000270722	ENST00000270722
ENSG00000116251	RPL22	ENSP00000346088	ENST00000234875
ENSG00000204859	ZBTB48	ENSP00000366902	ENST00000377674
ENSG00000171735	CAMTA1	ENSP00000306522	ENST00000303635
ENSG00000049246	PER3	ENSP00000482093	ENST00000613533
ENSG00000130940	CASZ1	ENSP00000366221	ENST00000377022
ENSG00000198793	MTOR	ENSP00000354558	ENST00000361445
ENSG00000067082	KLF6	ENSP00000419923	ENST00000497571
ENSG00000107485	GATA3	ENSP00000368632	ENST00000379328
ENSG00000148516	ZEB1	ENSP00000354487	ENST00000361642
ENSG00000170759	KIF5B	ENSP00000307078	ENST00000302418
ENSG00000095794	CREM	ENSP00000265372	ENST00000345491
ENSG00000165731	RET	ENSP00000347942	ENST00000355710
ENSG00000108091	CCDC6	ENSP00000263102	ENST00000263102
ENSG00000122877	EGR2	ENSP00000242480	ENST00000242480
ENSG00000138336	TET1	ENSP00000362748	ENST00000373644
ENSG00000156650	KAT6B	ENSP00000287239	ENST00000287239
ENSG00000107779	BMPR1A	ENSP00000361107	ENST00000372037
ENSG00000214562	NUTM2D	ENSP00000371116	ENST00000381697
ENSG00000171862	PTEN	ENSP00000361021	ENST00000371953
ENSG00000026103	FAS	ENSP00000498466	ENST00000652046
ENSG00000107864	CPEB3	ENSP00000265997	ENST00000265997
ENSG00000138115	CYP2C8	ENSP00000360317	ENST00000371270
ENSG00000198728	LDB1	ENSP00000501277	ENST00000673968
ENSG00000077150	NFKB2	ENSP00000358983	ENST00000369966
ENSG00000107882	SUFU	ENSP00000358918	ENST00000369902
ENSG00000148737	TCF7L2	ENSP00000486891	ENST00000627217
ENSG00000066468	FGFR2	ENSP00000410294	ENST00000457416
ENSG00000174775	HRAS	ENSP00000407586	ENST00000451590
ENSG00000184956	MUC6	ENSP00000406861	ENST00000421673
ENSG00000133818	RRAS2	ENSP00000256196	ENST00000256196
ENSG00000183161	FANCF	ENSP00000330875	ENST00000327470
ENSG00000184937	WT1	ENSP00000368370	ENST00000379079
ENSG00000134574	DDB2	ENSP00000256996	ENST00000256996
ENSG00000162231	NXF1	ENSP00000436679	ENST00000532297
ENSG00000072518	MARK2	ENSP00000385751	ENST00000402010
ENSG00000173153	ESRRA	ENSP00000384851	ENST00000405666
ENSG00000133895	MEN1	ENSP00000337088	ENST00000337652
ENSG00000173039	RELA	ENSP00000384273	ENST00000406246
ENSG00000172927	MYEOV	ENSP00000412482	ENST00000441339
ENSG00000110092	CCND1	ENSP00000227507	ENST00000227507
ENSG00000137497	NUMA1	ENSP00000377298	ENST00000393695
ENSG00000165458	INPPL1	ENSP00000298229	ENST00000298229
ENSG00000073921	PICALM	ENSP00000377015	ENST00000393346
ENSG00000204449	TRIM49C	ENSP00000388299	ENST00000448984
ENSG00000165323	FAT3	ENSP00000387040	ENST00000409404
ENSG00000184384	MAML2	ENSP00000434552	ENST00000524717
ENSG00000023445	BIRC3	ENSP00000263464	ENST00000263464
ENSG00000149311	ATM	ENSP00000278616	ENST00000278616
ENSG00000109906	ZBTB16	ENSP00000338157	ENST00000335953
ENSG00000118058	KMT2A	ENSP00000436786	ENST00000534358
ENSG00000110367	DDX6	ENSP00000478754	ENST00000620157
ENSG00000186174	BCL9L	ENSP00000335320	ENST00000334801
ENSG00000110395	CBL	ENSP00000264033	ENST00000264033
ENSG00000196914	ARHGEF12	ENSP00000380942	ENST00000397843
ENSG00000118971	CCND2	ENSP00000502654	ENST00000676411
ENSG00000111642	CHD4	ENSP00000440542	ENST00000544040
ENSG00000111679	PTPN6	ENSP00000391592	ENST00000456013
ENSG00000139083	ETV6	ENSP00000379658	ENST00000396373
ENSG00000111266	DUSP16	ENSP00000298573	ENST00000298573
ENSG00000111276	CDKN1B	ENSP00000228872	ENST00000228872
ENSG00000171681	ATF7IP	ENSP00000440440	ENST00000544627
ENSG00000139163	ETNK1	ENSP00000500633	ENST00000671733
ENSG00000133703	KRAS	ENSP00000256078	ENST00000256078
ENSG00000139168	ZCRB1	ENSP00000266529	ENST00000266529
ENSG00000189079	ARID2	ENSP00000335044	ENST00000334344
ENSG00000139219	COL2A1	ENSP00000369889	ENST00000380518
ENSG00000167548	KMT2D	ENSP00000301067	ENST00000301067
ENSG00000066117	SMARCD1	ENSP00000378414	ENST00000394963
ENSG00000135503	ACVR1B	ENSP00000442656	ENST00000541224
ENSG00000123364	HOXC13	ENSP00000243056	ENST00000243056
ENSG00000065361	ERBB3	ENSP00000267101	ENST00000267101
ENSG00000166888	STAT6	ENSP00000300134	ENST00000300134
ENSG00000111087	GLI1	ENSP00000228682	ENST00000228682
ENSG00000135446	CDK4	ENSP00000257904	ENST00000257904
ENSG00000139263	LRIG3	ENSP00000326759	ENST00000320743
ENSG00000135679	MDM2	ENSP00000258149	ENST00000258149
ENSG00000127329	PTPRB	ENSP00000334928	ENST00000334414
ENSG00000133639	BTG1	ENSP00000256015	ENST00000256015
ENSG00000111252	SH2B3	ENSP00000345492	ENST00000341259
ENSG00000111275	ALDH2	ENSP00000261733	ENST00000261733
ENSG00000179295	PTPN11	ENSP00000489597	ENST00000635625
ENSG00000135144	DTX1	ENSP00000257600	ENST00000257600
ENSG00000135111	TBX3	ENSP00000257566	ENST00000257566
ENSG00000135100	HNF1A	ENSP00000438804	ENST00000544413
ENSG00000139718	SETD1B	ENSP00000474253	ENST00000604567
ENSG00000110987	BCL7A	ENSP00000445868	ENST00000538010
ENSG00000130779	CLIP1	ENSP00000479322	ENST00000620786
ENSG00000255398	HCAR3	ENSP00000436714	ENST00000528880
ENSG00000183955	KMT5A	ENSP00000384629	ENST00000402868
ENSG00000196498	NCOR2	ENSP00000384018	ENST00000405201
ENSG00000177169	ULK1	ENSP00000324560	ENST00000321867
ENSG00000177084	POLE	ENSP00000322570	ENST00000320574
ENSG00000121390	PSPC1	ENSP00000343966	ENST00000338910
ENSG00000121741	ZMYM2	ENSP00000479904	ENST00000610343
ENSG00000150457	LATS2	ENSP00000372035	ENST00000382592
ENSG00000102699	PARP4	ENSP00000371419	ENST00000381989
ENSG00000127870	RNF6	ENSP00000371000	ENST00000381588
ENSG00000165556	CDX2	ENSP00000370408	ENST00000381020
ENSG00000122025	FLT3	ENSP00000241453	ENST00000241453
ENSG00000139618	BRCA2	ENSP00000369497	ENST00000380152
ENSG00000172915	NBEA	ENSP00000383295	ENST00000400445
ENSG00000120669	SOHLH2	ENSP00000369210	ENST00000379881
ENSG00000150907	FOXO1	ENSP00000368880	ENST00000379561
ENSG00000139687	RB1	ENSP00000267163	ENST00000267163
ENSG00000152207	CYSLTR2	ENSP00000282018	ENST00000282018
ENSG00000083520	DIS3	ENSP00000366997	ENST00000377767
ENSG00000102554	KLF5	ENSP00000366915	ENST00000377687
ENSG00000179399	GPC5	ENSP00000366267	ENST00000377067
ENSG00000125285	SOX21	ENSP00000366144	ENST00000376945
ENSG00000125257	ABCC4	ENSP00000494609	ENST00000645237
ENSG00000153487	ING1	ENSP00000364929	ENST00000375774
ENSG00000129474	AJUBA	ENSP00000262713	ENST00000262713
ENSG00000100852	ARHGAP5	ENSP00000371897	ENST00000345122
ENSG00000198604	BAZ1A	ENSP00000371859	ENST00000382422
ENSG00000100906	NFKBIA	ENSP00000216797	ENST00000216797
ENSG00000136352	NKX2-1	ENSP00000346879	ENST00000354822
ENSG00000129514	FOXA1	ENSP00000250448	ENST00000250448
ENSG00000139915	MDGA2	ENSP00000349925	ENST00000357362
ENSG00000100503	NIN	ENSP00000371472	ENST00000382041
ENSG00000126778	SIX1	ENSP00000494686	ENST00000645694
ENSG00000125952	MAX	ENSP00000351490	ENST00000358664
ENSG00000185650	ZFP36L1	ENSP00000337386	ENST00000336440
ENSG00000165409	TSHR	ENSP00000441235	ENST00000541158
ENSG00000100815	TRIP11	ENSP00000267622	ENST00000267622
ENSG00000100697	DICER1	ENSP00000343745	ENST00000343455
ENSG00000100721	TCL1A	ENSP00000451506	ENST00000554012
ENSG00000127152	BCL11B	ENSP00000349723	ENST00000357195
ENSG00000080824	HSP90AA1	ENSP00000335153	ENST00000334701
ENSG00000131323	TRAF3	ENSP00000376500	ENST00000392745
ENSG00000142208	AKT1	ENSP00000451828	ENST00000554581
ENSG00000184507	NUTM1	ENSP00000444896	ENST00000537011
ENSG00000128944	KNSTRN	ENSP00000249776	ENST00000249776
ENSG00000137812	KNL1	ENSP00000335463	ENST00000346991
ENSG00000174197	MGA	ENSP00000219905	ENST00000219905
ENSG00000166710	B2M	ENSP00000497910	ENST00000648006
ENSG00000138592	USP8	ENSP00000379721	ENST00000396444
ENSG00000197535	MYO5A	ENSP00000382177	ENST00000399231
ENSG00000140262	TCF12	ENSP00000331057	ENST00000333725
ENSG00000169032	MAP2K1	ENSP00000302486	ENST00000307102
ENSG00000166949	SMAD3	ENSP00000332973	ENST00000327367
ENSG00000140464	PML	ENSP00000268058	ENST00000268058
ENSG00000169375	SIN3A	ENSP00000378402	ENST00000394947
ENSG00000173546	CSPG4	ENSP00000312506	ENST00000308508
ENSG00000140538	NTRK3	ENSP00000354207	ENST00000360948
ENSG00000182054	IDH2	ENSP00000331897	ENST00000330062
ENSG00000197299	BLM	ENSP00000347232	ENST00000355112
ENSG00000185442	FAM174B	ENSP00000329040	ENST00000327355
ENSG00000173575	CHD2	ENSP00000377747	ENST00000394196
ENSG00000103126	AXIN1	ENSP00000262320	ENST00000262320
ENSG00000103197	TSC2	ENSP00000219476	ENST00000219476
ENSG00000131653	TRAF7	ENSP00000318944	ENST00000326181
ENSG00000005339	CREBBP	ENSP00000262367	ENST00000262367
ENSG00000090447	TFAP4	ENSP00000204517	ENST00000204517
ENSG00000078328	RBFOX1	ENSP00000391269	ENST00000422070
ENSG00000187555	USP7	ENSP00000343535	ENST00000344836
ENSG00000183454	GRIN2A	ENSP00000332549	ENST00000330684
ENSG00000179583	CIITA	ENSP00000485010	ENST00000618327
ENSG00000185338	SOCS1	ENSP00000496577	ENST00000644787
ENSG00000048471	SNX29	ENSP00000456480	ENST00000566228
ENSG00000085721	RRN3	ENSP00000198767	ENST00000198767
ENSG00000133392	MYH11	ENSP00000379616	ENST00000396324
ENSG00000005187	ACSM3	ENSP00000289416	ENST00000289416
ENSG00000166501	PRKCB	ENSP00000496129	ENST00000643927
ENSG00000166164	BRD7	ENSP00000378181	ENST00000394689
ENSG00000083799	CYLD	ENSP00000392025	ENST00000427738
ENSG00000140937	CDH11	ENSP00000268603	ENST00000268603
ENSG00000067955	CBFB	ENSP00000415151	ENST00000412916
ENSG00000102974	CTCF	ENSP00000494538	ENST00000646076
ENSG00000039068	CDH1	ENSP00000261769	ENST00000261769
ENSG00000180917	CMTR2	ENSP00000411148	ENST00000434935
ENSG00000140836	ZFHX3	ENSP00000493252	ENST00000641206
ENSG00000178573	MAF	ENSP00000327048	ENST00000326043
ENSG00000167522	ANKRD11	ENSP00000301030	ENST00000301030
ENSG00000129204	USP6	ENSP00000460380	ENST00000574788
ENSG00000141510	TP53	ENSP00000269305	ENST00000269305
ENSG00000179094	PER1	ENSP00000314420	ENST00000317276
ENSG00000065559	MAP2K4	ENSP00000410402	ENST00000415385
ENSG00000141027	NCOR1	ENSP00000268712	ENST00000268712
ENSG00000154803	FLCN	ENSP00000285071	ENST00000285071
ENSG00000196712	NF1	ENSP00000351015	ENST00000358273
ENSG00000178691	SUZ12	ENSP00000316578	ENST00000322652
ENSG00000270647	TAF15	ENSP00000474096	ENST00000605844
ENSG00000275023	MLLT6	ENSP00000479910	ENST00000621332
ENSG00000167258	CDK12	ENSP00000398880	ENST00000447079
ENSG00000141736	ERBB2	ENSP00000269571	ENST00000269571
ENSG00000161405	IKZF3	ENSP00000344544	ENST00000346872
ENSG00000131747	TOP2A	ENSP00000411532	ENST00000423485
ENSG00000126353	CCR7	ENSP00000246657	ENST00000246657
ENSG00000173757	STAT5B	ENSP00000293328	ENST00000293328
ENSG00000168610	STAT3	ENSP00000264657	ENST00000264657
ENSG00000012048	BRCA1	ENSP00000418960	ENST00000471181
ENSG00000175832	ETV4	ENSP00000321835	ENST00000319349
ENSG00000108883	EFTUD2	ENSP00000392094	ENST00000426333
ENSG00000121067	SPOP	ENSP00000377001	ENST00000393328
ENSG00000108821	COL1A1	ENSP00000225964	ENST00000225964
ENSG00000153944	MSI2	ENSP00000284073	ENST00000284073
ENSG00000108375	RNF43	ENSP00000463069	ENST00000584437
ENSG00000141367	CLTC	ENSP00000479606	ENST00000621829
ENSG00000170836	PPM1D	ENSP00000306682	ENST00000305921
ENSG00000007312	CD79B	ENSP00000376544	ENST00000392795
ENSG00000108854	SMURF2	ENSP00000262435	ENST00000262435
ENSG00000120063	GNA13	ENSP00000400717	ENST00000439174
ENSG00000168646	AXIN2	ENSP00000302625	ENST00000307078
ENSG00000108946	PRKAR1A	ENSP00000376475	ENST00000392711
ENSG00000125398	SOX9	ENSP00000245479	ENST00000245479
ENSG00000161547	SRSF2	ENSP00000376276	ENST00000392485
ENSG00000171302	CANT1	ENSP00000307674	ENST00000302345
ENSG00000173821	RNF213	ENSP00000464087	ENST00000582970
ENSG00000141579	ZNF750	ENSP00000269394	ENST00000269394
ENSG00000177426	TGIF1	ENSP00000483499	ENST00000618001
ENSG00000198795	ZNF521	ENSP00000354794	ENST00000361524
ENSG00000152217	SETBP1	ENSP00000497406	ENST00000649279
ENSG00000175387	SMAD2	ENSP00000262160	ENST00000262160
ENSG00000141646	SMAD4	ENSP00000341551	ENST00000342988
ENSG00000187323	DCC	ENSP00000389140	ENST00000442544
ENSG00000196628	TCF4	ENSP00000381382	ENST00000398339
ENSG00000171791	BCL2	ENSP00000381185	ENST00000398117
ENSG00000119537	KDSR	ENSP00000494352	ENST00000645214
ENSG00000118046	STK11	ENSP00000324856	ENST00000326873
ENSG00000104885	DOT1L	ENSP00000381657	ENST00000398665
ENSG00000088256	GNA11	ENSP00000078429	ENST00000078429
ENSG00000130382	MLLT1	ENSP00000252674	ENST00000252674
ENSG00000090659	CD209	ENSP00000315477	ENST00000315599
ENSG00000076984	MAP2K7	ENSP00000381070	ENST00000397983
ENSG00000079999	KEAP1	ENSP00000377245	ENST00000393623
ENSG00000127616	SMARCA4	ENSP00000395654	ENST00000429416
ENSG00000196466	ZNF799	ENSP00000411084	ENST00000430385
ENSG00000141867	BRD4	ENSP00000263377	ENST00000263377
ENSG00000105639	JAK3	ENSP00000391676	ENST00000458235
ENSG00000105656	ELL	ENSP00000262809	ENST00000262809
ENSG00000105662	CRTC1	ENSP00000345001	ENST00000338797
ENSG00000213999	MEF2B	ENSP00000402154	ENST00000424583
ENSG00000184635	ZNF93	ENSP00000342002	ENST00000343769
ENSG00000213988	ZNF90	ENSP00000410466	ENST00000418063
ENSG00000188171	ZNF626	ENSP00000469958	ENST00000601440
ENSG00000197013	ZNF429	ENSP00000351280	ENST00000358491
ENSG00000160321	ZNF208	ENSP00000380315	ENST00000397126
ENSG00000105173	CCNE1	ENSP00000262643	ENST00000262643
ENSG00000131941	RHPN2	ENSP00000254260	ENST00000254260
ENSG00000245848	CEBPA	ENSP00000427514	ENST00000498907
ENSG00000257103	LSM14A	ENSP00000446271	ENST00000544216
ENSG00000272333	KMT2B	ENSP00000398837	ENST00000420124
ENSG00000275395	FCGBP	ENSP00000481056	ENST00000616721
ENSG00000197782	ZNF780A	ENSP00000400997	ENST00000455521
ENSG00000028277	POU2F2	ENSP00000431603	ENST00000526816
ENSG00000079432	CIC	ENSP00000458663	ENST00000575354
ENSG00000104884	ERCC2	ENSP00000375809	ENST00000391945
ENSG00000105287	PRKD2	ENSP00000393978	ENST00000433867
ENSG00000160007	ARHGAP35	ENSP00000500409	ENST00000672722
ENSG00000126453	BCL2L12	ENSP00000482218	ENST00000616144
ENSG00000062822	POLD1	ENSP00000472445	ENST00000595904
ENSG00000105568	PPP2R1A	ENSP00000324804	ENST00000322088
ENSG00000130844	ZNF331	ENSP00000253144	ENST00000253144
ENSG00000088038	CNOT3	ENSP00000351159	ENST00000358389
ENSG00000063244	U2AF2	ENSP00000307863	ENST00000308924
ENSG00000198300	PEG3	ENSP00000326581	ENST00000326441
ENSG00000204514	ZNF814	ENSP00000410545	ENST00000435989
ENSG00000171606	ZNF274	ENSP00000484810	ENST00000617501
ENSG00000134323	MYCN	ENSP00000281043	ENST00000281043
ENSG00000119772	DNMT3A	ENSP00000264709	ENST00000264709
ENSG00000143970	ASXL2	ENSP00000391447	ENST00000435504
ENSG00000171094	ALK	ENSP00000373700	ENST00000389048
ENSG00000115760	BIRC6	ENSP00000393596	ENST00000421745
ENSG00000115904	SOS1	ENSP00000384675	ENST00000402219
ENSG00000116016	EPAS1	ENSP00000263734	ENST00000263734
ENSG00000138081	FBXO11	ENSP00000384823	ENST00000403359
ENSG00000119866	BCL11A	ENSP00000496168	ENST00000642384
ENSG00000082898	XPO1	ENSP00000384863	ENST00000401558
ENSG00000169564	PCBP1	ENSP00000305556	ENST00000303577
ENSG00000066032	CTNNA2	ENSP00000384638	ENST00000402739
ENSG00000121152	NCAPH	ENSP00000240423	ENST00000240423
ENSG00000153165	RGPD3	ENSP00000386588	ENST00000409886
ENSG00000153201	RANBP2	ENSP00000283195	ENST00000283195
ENSG00000163161	ERCC3	ENSP00000285398	ENST00000285398
ENSG00000121966	CXCR4	ENSP00000386884	ENST00000409817
ENSG00000168702	LRP1B	ENSP00000374135	ENST00000389484
ENSG00000121989	ACVR2A	ENSP00000241416	ENST00000241416
ENSG00000115170	ACVR1	ENSP00000405004	ENST00000434821
ENSG00000116044	NFE2L2	ENSP00000380252	ENST00000397062
ENSG00000138448	ITGAV	ENSP00000261023	ENST00000261023
ENSG00000115524	SF3B1	ENSP00000335321	ENST00000335508
ENSG00000064012	CASP8	ENSP00000351273	ENST00000358485
ENSG00000138413	IDH1	ENSP00000390265	ENST00000415913
ENSG00000178568	ERBB4	ENSP00000342235	ENST00000342788
ENSG00000138376	BARD1	ENSP00000260947	ENST00000260947
ENSG00000115414	FN1	ENSP00000346839	ENST00000354785
ENSG00000144580	CNOT9	ENSP00000486540	ENST00000627282
ENSG00000123983	ACSL3	ENSP00000350012	ENST00000357430
ENSG00000036257	CUL3	ENSP00000264414	ENST00000264414
ENSG00000079263	SP140	ENSP00000375899	ENST00000392045
ENSG00000187514	PTMA	ENSP00000344547	ENST00000341369
ENSG00000144481	TRPM8	ENSP00000323926	ENST00000324695
ENSG00000144476	ACKR3	ENSP00000272928	ENST00000272928
ENSG00000163359	COL6A3	ENSP00000295550	ENST00000295550
ENSG00000068024	HDAC4	ENSP00000264606	ENST00000345617
ENSG00000198053	SIRPA	ENSP00000478763	ENST00000622179
ENSG00000101343	CRNKL1	ENSP00000366557	ENST00000377340
ENSG00000125798	FOXA2	ENSP00000400341	ENST00000419308
ENSG00000171456	ASXL1	ENSP00000364839	ENST00000375687
ENSG00000131051	RBM39	ENSP00000253363	ENST00000253363
ENSG00000101347	SAMHD1	ENSP00000493536	ENST00000646673
ENSG00000198900	TOP1	ENSP00000354522	ENST00000361337
ENSG00000124181	PLCG1	ENSP00000244007	ENST00000244007
ENSG00000196090	PTPRT	ENSP00000362294	ENST00000373198
ENSG00000101096	NFATC2	ENSP00000379330	ENST00000396009
ENSG00000101115	SALL4	ENSP00000217086	ENST00000217086
ENSG00000132819	RBM38	ENSP00000348538	ENST00000356208
ENSG00000087460	GNAS	ENSP00000360141	ENST00000371100
ENSG00000101213	PTK6	ENSP00000442460	ENST00000542869
ENSG00000159216	RUNX1	ENSP00000300305	ENST00000300305
ENSG00000160201	U2AF1	ENSP00000291552	ENST00000291552
ENSG00000070371	CLTCL1	ENSP00000441158	ENST00000427926
ENSG00000128191	DGCR8	ENSP00000263209	ENST00000351989
ENSG00000099949	LZTR1	ENSP00000496779	ENST00000646124
ENSG00000100030	MAPK1	ENSP00000215832	ENST00000215832
ENSG00000186716	BCR	ENSP00000303507	ENST00000305877
ENSG00000099956	SMARCB1	ENSP00000340883	ENST00000344921
ENSG00000099994	SUSD2	ENSP00000351075	ENST00000358321
ENSG00000183765	CHEK2	ENSP00000372023	ENST00000382580
ENSG00000183579	ZNRF3	ENSP00000443824	ENST00000544604
ENSG00000182944	EWSR1	ENSP00000400142	ENST00000414183
ENSG00000186575	NF2	ENSP00000344666	ENST00000338641
ENSG00000100345	MYH9	ENSP00000216181	ENST00000216181
ENSG00000100393	EP300	ENSP00000263253	ENST00000263253
ENSG00000196220	SRGAP3	ENSP00000373347	ENST00000383836
ENSG00000144554	FANCD2	ENSP00000287647	ENST00000287647
ENSG00000134086	VHL	ENSP00000256474	ENST00000256474
ENSG00000197548	ATG7	ENSP00000346437	ENST00000354449
ENSG00000132155	RAF1	ENSP00000401888	ENST00000442415
ENSG00000163520	FBLN2	ENSP00000384169	ENST00000404922
ENSG00000154783	FGD5	ENSP00000285046	ENST00000285046
ENSG00000163513	TGFBR2	ENSP00000351905	ENST00000359013
ENSG00000172936	MYD88	ENSP00000391753	ENST00000421516
ENSG00000168036	CTNNB1	ENSP00000495360	ENST00000645320
ENSG00000181555	SETD2	ENSP00000386759	ENST00000409792
ENSG00000067560	RHOA	ENSP00000400175	ENST00000418115
ENSG00000114353	GNAI2	ENSP00000312999	ENST00000313601
ENSG00000114388	NPRL2	ENSP00000232501	ENST00000232501
ENSG00000163930	BAP1	ENSP00000417132	ENST00000460680
ENSG00000163939	PBRM1	ENSP00000386593	ENST00000409057
ENSG00000163932	PRKCD	ENSP00000331602	ENST00000330452
ENSG00000157388	CACNA1D	ENSP00000288139	ENST00000288139
ENSG00000189283	FHIT	ENSP00000418582	ENST00000492590
ENSG00000114861	FOXP1	ENSP00000484803	ENST00000615603
ENSG00000185008	ROBO2	ENSP00000417335	ENST00000487694
ENSG00000175161	CADM2	ENSP00000384193	ENST00000405615
ENSG00000044524	EPHA3	ENSP00000337451	ENST00000336596
ENSG00000114354	TFG	ENSP00000502734	ENST00000674615
ENSG00000114423	CBLB	ENSP00000377598	ENST00000394030
ENSG00000181722	ZBTB20	ENSP00000501561	ENST00000675478
ENSG00000051341	POLQ	ENSP00000264233	ENST00000264233
ENSG00000179348	GATA2	ENSP00000345681	ENST00000341105
ENSG00000206384	COL6A6	ENSP00000351310	ENST00000358511
ENSG00000051382	PIK3CB	ENSP00000501150	ENST00000674063
ENSG00000183770	FOXL2	ENSP00000497217	ENST00000648323
ENSG00000155903	RASA2	ENSP00000286364	ENST00000286364
ENSG00000175054	ATR	ENSP00000343741	ENST00000350721
ENSG00000163655	GMPS	ENSP00000419851	ENST00000496455
ENSG00000085276	MECOM	ENSP00000264674	ENST00000264674
ENSG00000177565	TBL1XR1	ENSP00000413251	ENST00000457928
ENSG00000121879	PIK3CA	ENSP00000263967	ENST00000263967
ENSG00000058056	USP13	ENSP00000263966	ENST00000263966
ENSG00000172578	KLHL6	ENSP00000341342	ENST00000341319
ENSG00000073803	MAP3K13	ENSP00000265026	ENST00000265026
ENSG00000244405	ETV5	ENSP00000306894	ENST00000306376
ENSG00000156976	EIF4A2	ENSP00000326381	ENST00000323963
ENSG00000113916	BCL6	ENSP00000384371	ENST00000406870
ENSG00000073282	TP63	ENSP00000264731	ENST00000264731
ENSG00000180611	MB21D2	ENSP00000376246	ENST00000392452
ENSG00000176945	MUC20	ENSP00000414350	ENST00000447234
ENSG00000072274	TFRC	ENSP00000376197	ENST00000392396
ENSG00000182903	ZNF721	ENSP00000428878	ENST00000511833
ENSG00000068078	FGFR3	ENSP00000339824	ENST00000340107
ENSG00000109685	NSD2	ENSP00000372351	ENST00000382895
ENSG00000157765	SLC34A2	ENSP00000371483	ENST00000382051
ENSG00000135605	TEC	ENSP00000370912	ENST00000381501
ENSG00000134853	PDGFRA	ENSP00000257290	ENST00000257290
ENSG00000157404	KIT	ENSP00000288135	ENST00000288135
ENSG00000128052	KDR	ENSP00000263923	ENST00000263923
ENSG00000084093	REST	ENSP00000502313	ENST00000675105
ENSG00000163629	PTPN13	ENSP00000394794	ENST00000436978
ENSG00000172493	AFF1	ENSP00000378578	ENST00000395146
ENSG00000138698	RAP1GDS1	ENSP00000340454	ENST00000339360
ENSG00000138814	PPP3CA	ENSP00000378323	ENST00000394854
ENSG00000168769	TET2	ENSP00000442788	ENST00000540549
ENSG00000138795	LEF1	ENSP00000265165	ENST00000265165
ENSG00000073331	ALPK1	ENSP00000498374	ENST00000650871
ENSG00000196159	FAT4	ENSP00000501473	ENST00000674496
ENSG00000145425	RPS3A	ENSP00000346050	ENST00000274065
ENSG00000109670	FBXW7	ENSP00000474725	ENST00000603548
ENSG00000038295	TLL1	ENSP00000061240	ENST00000061240
ENSG00000083857	FAT1	ENSP00000406229	ENST00000441802
ENSG00000073578	SDHA	ENSP00000264932	ENST00000264932
ENSG00000164362	TERT	ENSP00000309572	ENST00000310581
ENSG00000169862	CTNND2	ENSP00000307134	ENST00000304623
ENSG00000040731	CDH10	ENSP00000264463	ENST00000264463
ENSG00000113360	DROSHA	ENSP00000425979	ENST00000511367
ENSG00000168685	IL7R	ENSP00000306157	ENST00000303115
ENSG00000164190	NIPBL	ENSP00000282516	ENST00000282516
ENSG00000113594	LIFR	ENSP00000398368	ENST00000453190
ENSG00000134352	IL6ST	ENSP00000370698	ENST00000381298
ENSG00000095015	MAP3K1	ENSP00000382423	ENST00000399503
ENSG00000145675	PIK3R1	ENSP00000428056	ENST00000521381
ENSG00000145715	RASA1	ENSP00000274376	ENST00000274376
ENSG00000134982	APC	ENSP00000257430	ENST00000257430
ENSG00000138829	FBN2	ENSP00000424571	ENST00000508053
ENSG00000164398	ACSL6	ENSP00000498260	ENST00000651356
ENSG00000125347	IRF1	ENSP00000245414	ENST00000245414
ENSG00000120733	KDM3B	ENSP00000326563	ENST00000314358
ENSG00000182578	CSF1R	ENSP00000286301	ENST00000286301
ENSG00000113721	PDGFRB	ENSP00000261799	ENST00000261799
ENSG00000086570	FAT2	ENSP00000261800	ENST00000261800
ENSG00000164330	EBF1	ENSP00000322898	ENST00000313708
ENSG00000170234	PWWP2A	ENSP00000305151	ENST00000307063
ENSG00000160867	FGFR4	ENSP00000292408	ENST00000292408
ENSG00000165671	NSD1	ENSP00000395929	ENST00000439151
ENSG00000037280	FLT4	ENSP00000261937	ENST00000261937
ENSG00000137265	IRF4	ENSP00000370343	ENST00000380956
ENSG00000137275	RIPK1	ENSP00000259808	ENST00000259808
ENSG00000096696	DSP	ENSP00000369129	ENST00000379802
ENSG00000153162	BMP6	ENSP00000283147	ENST00000283147
ENSG00000286522	H3C2	ENSP00000484841	ENST00000621411
ENSG00000206503	HLA-A	ENSP00000379873	ENST00000396634
ENSG00000204525	HLA-C	ENSP00000365402	ENST00000376228
ENSG00000234745	HLA-B	ENSP00000399168	ENST00000412585
ENSG00000227507	LTB	ENSP00000410481	ENST00000429299
ENSG00000204209	DAXX	ENSP00000266000	ENST00000266000
ENSG00000124762	CDKN1A	ENSP00000384849	ENST00000405375
ENSG00000137193	PIM1	ENSP00000362608	ENST00000373509
ENSG00000112561	TFEB	ENSP00000351742	ENST00000358871
ENSG00000112576	CCND3	ENSP00000362082	ENST00000372991
ENSG00000096384	HSP90AB1	ENSP00000360609	ENST00000371554
ENSG00000146232	NFKBIE	ENSP00000275015	ENST00000275015
ENSG00000135333	EPHA7	ENSP00000358309	ENST00000369303
ENSG00000057657	PRDM1	ENSP00000358092	ENST00000369096
ENSG00000118689	FOXO3	ENSP00000339527	ENST00000343882
ENSG00000047936	ROS1	ENSP00000357494	ENST00000368508
ENSG00000152894	PTPRK	ENSP00000432973	ENST00000532331
ENSG00000112282	MED23	ENSP00000357047	ENST00000368068
ENSG00000118515	SGK1	ENSP00000356832	ENST00000367858
ENSG00000029363	BCLAF1	ENSP00000435210	ENST00000531224
ENSG00000118503	TNFAIP3	ENSP00000481570	ENST00000612899
ENSG00000131023	LATS1	ENSP00000437550	ENST00000543571
ENSG00000091831	ESR1	ENSP00000405330	ENST00000440973
ENSG00000049618	ARID1B	ENSP00000498155	ENST00000647938
ENSG00000198670	LPA	ENSP00000321334	ENST00000316300
ENSG00000112531	QKI	ENSP00000355094	ENST00000361752
ENSG00000130396	AFDN	ENSP00000355771	ENST00000366806
ENSG00000198286	CARD11	ENSP00000380150	ENST00000396946
ENSG00000122512	PMS2	ENSP00000265849	ENST00000265849
ENSG00000136238	RAC1	ENSP00000348461	ENST00000356142
ENSG00000006468	ETV1	ENSP00000405327	ENST00000430479
ENSG00000183742	MACC1	ENSP00000383185	ENST00000400331
ENSG00000122566	HNRNPA2B1	ENSP00000346694	ENST00000354667
ENSG00000122643	NT5C3A	ENSP00000476480	ENST00000610140
ENSG00000185811	IKZF1	ENSP00000331614	ENST00000331340
ENSG00000146648	EGFR	ENSP00000275493	ENST00000275493
ENSG00000173041	ZNF680	ENSP00000309330	ENST00000309683
ENSG00000049540	ELN	ENSP00000351807	ENST00000358929
ENSG00000263001	GTF2I	ENSP00000460070	ENST00000573035
ENSG00000127946	HIP1	ENSP00000336747	ENST00000336926
ENSG00000198822	GRM3	ENSP00000355316	ENST00000361669
ENSG00000127914	AKAP9	ENSP00000348573	ENST00000356239
ENSG00000196367	TRRAP	ENSP00000352925	ENST00000359863
ENSG00000257923	CUX1	ENSP00000353401	ENST00000360264
ENSG00000105976	MET	ENSP00000317272	ENST00000318493
ENSG00000128513	POT1	ENSP00000350249	ENST00000357628
ENSG00000128602	SMO	ENSP00000249373	ENST00000249373
ENSG00000122779	TRIM24	ENSP00000340507	ENST00000343526
ENSG00000157764	BRAF	ENSP00000419060	ENST00000496384
ENSG00000106462	EZH2	ENSP00000320147	ENST00000320356
ENSG00000055609	KMT2C	ENSP00000262189	ENST00000262189
ENSG00000104728	ARHGEF10	ENSP00000431012	ENST00000518288
ENSG00000078674	PCM1	ENSP00000327077	ENST00000325083
ENSG00000186918	ZNF395	ENSP00000340494	ENST00000344423
ENSG00000157168	NRG1	ENSP00000287842	ENST00000287842
ENSG00000147548	NSD3	ENSP00000313983	ENST00000317025
ENSG00000077782	FGFR1	ENSP00000393312	ENST00000425967
ENSG00000029534	ANK1	ENSP00000265709	ENST00000265709
ENSG00000083168	KAT6A	ENSP00000265713	ENST00000265713
ENSG00000104365	IKBKB	ENSP00000430684	ENST00000520810
ENSG00000168300	PCMTD1	ENSP00000353739	ENST00000360540
ENSG00000164736	SOX17	ENSP00000297316	ENST00000297316
ENSG00000254087	LYN	ENSP00000428924	ENST00000519728
ENSG00000181690	PLAG1	ENSP00000325546	ENST00000316981
ENSG00000137575	SDCBP	ENSP00000428184	ENST00000523483
ENSG00000046889	PREX2	ENSP00000288368	ENST00000288368
ENSG00000140396	NCOA2	ENSP00000399968	ENST00000452400
ENSG00000079102	RUNX1T1	ENSP00000402257	ENST00000436581
ENSG00000070756	PABPC1	ENSP00000313007	ENST00000318607
ENSG00000104517	UBR5	ENSP00000429084	ENST00000520539
ENSG00000164935	DCSTAMP	ENSP00000297581	ENST00000297581
ENSG00000147655	RSPO2	ENSP00000276659	ENST00000276659
ENSG00000104408	EIF3E	ENSP00000220849	ENST00000220849
ENSG00000164796	CSMD3	ENSP00000297405	ENST00000297405
ENSG00000164754	RAD21	ENSP00000297338	ENST00000297338
ENSG00000136997	MYC	ENSP00000478887	ENST00000621592
ENSG00000147724	FAM135B	ENSP00000378710	ENST00000395297
ENSG00000197858	GPAA1	ENSP00000347206	ENST00000355091
ENSG00000160957	RECQL4	ENSP00000482313	ENST00000617875
ENSG00000080503	SMARCA2	ENSP00000371638	ENST00000382203
ENSG00000096968	JAK2	ENSP00000371067	ENST00000381652
ENSG00000120217	CD274	ENSP00000370989	ENST00000381577
ENSG00000197646	PDCD1LG2	ENSP00000380855	ENST00000397747
ENSG00000153707	PTPRD	ENSP00000370593	ENST00000381196
ENSG00000147862	NFIB	ENSP00000370340	ENST00000380953
ENSG00000164985	PSIP1	ENSP00000370114	ENST00000380738
ENSG00000171843	MLLT3	ENSP00000369695	ENST00000380338
ENSG00000147889	CDKN2A	ENSP00000418915	ENST00000498124
ENSG00000122728	TAF1L	ENSP00000418379	ENST00000242310
ENSG00000196092	PAX5	ENSP00000350844	ENST00000358127
ENSG00000156052	GNAQ	ENSP00000286548	ENST00000286548
ENSG00000165238	WNK2	ENSP00000297954	ENST00000297954
ENSG00000158169	FANCC	ENSP00000289081	ENST00000289081
ENSG00000185920	PTCH1	ENSP00000332353	ENST00000331920
ENSG00000106799	TGFBR1	ENSP00000447297	ENST00000552516
ENSG00000186051	TAL2	ENSP00000334547	ENST00000334077
ENSG00000136826	KLF4	ENSP00000363804	ENST00000374672
ENSG00000070159	PTPN3	ENSP00000363667	ENST00000374541
ENSG00000041982	TNC	ENSP00000265131	ENST00000350763
ENSG00000119397	CNTRL	ENSP00000362962	ENST00000373855
ENSG00000119414	PPP6C	ENSP00000392147	ENST00000451402
ENSG00000097007	ABL1	ENSP00000361423	ENST00000372348
ENSG00000126883	NUP214	ENSP00000352400	ENST00000359428
ENSG00000165699	TSC1	ENSP00000298552	ENST00000298552
ENSG00000186350	RXRA	ENSP00000419692	ENST00000481739
ENSG00000148400	NOTCH1	ENSP00000498587	ENST00000651671
ENSG00000182162	P2RY8	ENSP00000370697	ENST00000381297
ENSG00000205542	TMSB4X	ENSP00000370010	ENST00000380636
ENSG00000169249	ZRSR2	ENSP00000303015	ENST00000307771
ENSG00000173674	EIF1AX	ENSP00000368927	ENST00000379607
ENSG00000177189	RPS6KA3	ENSP00000368884	ENST00000379565
ENSG00000183337	BCOR	ENSP00000367705	ENST00000378444
ENSG00000124486	USP9X	ENSP00000316357	ENST00000324545
ENSG00000215301	DDX3X	ENSP00000487224	ENST00000629496
ENSG00000147050	KDM6A	ENSP00000367203	ENST00000377967
ENSG00000182872	RBM10	ENSP00000328848	ENST00000329236
ENSG00000078061	ARAF	ENSP00000290277	ENST00000290277
ENSG00000015285	WAS	ENSP00000365891	ENST00000376701
ENSG00000126012	KDM5C	ENSP00000364550	ENST00000375401
ENSG00000072501	SMC1A	ENSP00000323421	ENST00000322213
ENSG00000102302	FGD1	ENSP00000364277	ENST00000375135
ENSG00000198455	ZXDB	ENSP00000364023	ENST00000374888
ENSG00000184675	AMER1	ENSP00000364003	ENST00000374869
ENSG00000147065	MSN	ENSP00000353408	ENST00000360270
ENSG00000169083	AR	ENSP00000363822	ENST00000374690
ENSG00000184634	MED12	ENSP00000363193	ENST00000374080
ENSG00000147130	ZMYM3	ENSP00000322845	ENST00000314425
ENSG00000085224	ATRX	ENSP00000362441	ENST00000373344
ENSG00000010671	BTK	ENSP00000483570	ENST00000621635
ENSG00000123572	NRK	ENSP00000434830	ENST00000243300
ENSG00000133124	IRS4	ENSP00000361202	ENST00000372129
ENSG00000101938	CHRDL1	ENSP00000361112	ENST00000372042
ENSG00000077721	UBE2A	ENSP00000360613	ENST00000371558
ENSG00000101972	STAG2	ENSP00000360187	ENST00000371145
ENSG00000198354	DCAF12L2	ENSP00000353128	ENST00000360028
ENSG00000102038	SMARCA1	ENSP00000360162	ENST00000371121
ENSG00000085185	BCORL1	ENSP00000437775	ENST00000540052
ENSG00000102034	ELF4	ENSP00000311280	ENST00000308167
ENSG00000156531	PHF6	ENSP00000329097	ENST00000332070
ENSG00000184216	IRAK1	ENSP00000358997	ENST00000369980
ENSG00000147403	RPL10	ENSP00000413436	ENST00000424325
