index	SBS1	SBS2	SBS45	SBS31
ACAA	0.0008760228603560022	5.790059091291171e-07	0.009177747524678842	0.009609121831171135
ACCA	0.0022201195808427055	0.00014550453200370028	0.002827628770865313	0.018351300889037366
ACGA	0.00017972720567980044	5.36186073164882e-05	0.0017174521876717078	0.0017171263441314061
ACTA	0.001265052637841803	9.759122433808668e-05	0.009707595518449044	0.006322835427448423
CCAA	0.00030502624638510076	0.00020531431769750034	0.23708036388310708	0.010656632802061838
CCCA	0.0017382587247194044	9.343886886044347e-05	0.1494081698315827	0.011475536100190841
CCGA	9.195448204649902e-05	2.221442815060304e-16	0.0682594486613178	0.0003306789085155012
CCTA	2.1802209754594154e-16	0.00041557654793030076	0.19325618061271188	0.0277877550055562
GCAA	0.001556269598965004	8.572515864183485e-05	0.007577234189141135	0.013144759661355247
GCCA	0.0003293191711604008	2.1872350833030538e-16	0.005671630759178826	0.021276950479861775
GCGA	0.0005827681229553014	1.3933036408014126e-05	0.0021141703835091097	0.0009830544177000034
GCTA	2.1854273864506853e-16	5.066111732211819e-05	0.006979827756031632	0.0035042270836771125
TCAA	6.506497550281007e-05	0.0006379630416471011	0.0644818312475943	0.0018736476754551068
TCCA	0.002497180274211606	0.0001694148910071003	0.06456548449453949	0.009431609696663333
TCGA	2.239148761015145e-16	8.647695728718175e-05	0.018722558053980588	0.0009768661558030034
TCTA	5.839205565658144e-06	0.00044116637097670074	0.0627341675820335	0.004542305990297517
ACAG	0.0018390547632757045	2.226177891996434e-16	0.0031331278596872145	0.00838028235171313
ACCG	0.0011879587230825028	0.00013075745105730024	0.0019148503606211088	0.0031346005842896115
ACGG	0.00011677191329470028	1.5583228130222127e-05	0.00027934463293450125	0.003103240380960411
ACTG	0.0011266875055778028	9.100531349318507e-05	0.0014400271360354064	0.0038057831076043136
CCAG	2.356132223680396e-05	2.201206386853844e-16	0.0014244744552640064	0.0020416913312361075
CCCG	7.458003913880287e-05	0.0003441452567682006	0.0007915664626838035	0.0018400428574443066
CCGG	0.00034729589785800085	4.851312336028539e-05	0.0006464039100033029	0.000858358017848803
CCTG	2.1802209754594154e-16	6.278068515052741e-05	0.0019026768297437087	0.003406240936164912
GCAG	9.445965477262423e-06	6.503973753104412e-05	0.0003342011900641015	0.0018362526855175065
GCCG	0.0001593166491749004	0.0002559947788081004	0.0009997115299774045	0.007432088283895826
GCGG	0.00016480325112530042	2.235300085602274e-16	0.0007030375198750033	0.0004621973959762016
GCTG	2.1854273864506853e-16	0.00013258964299140024	0.0009306437008042043	0.0033544737895029116
TCAG	2.2050895953080153e-16	2.226381193854644e-16	0.003324844423704015	0.0003989056341291014
TCCG	0.00020036663860270048	9.836029260239167e-05	0.002021442738847709	0.0029360661315838105
TCGG	6.968471928899118e-05	4.1768471749494676e-05	0.00018211012751950085	0.00042552494326080154
TCTG	0.0015491769868072036	0.001183127994892002	0.003328958247498215	0.004289393630035916
ACAT	0.02471847800101766	6.099527766860181e-05	0.0013398906924064061	0.017828244906889962
ACCT	0.0061540156802306146	0.0013567314470615023	0.0005962824179965027	0.009205409310825132
ACGT	0.3706238987182649	3.352444472751746e-05	0.005597238756207325	0.007851198163829927
ACTT	0.009468128336347323	0.0018560294199268033	0.0012285546195547057	0.010168891372170237
CCAT	0.001955296451187005	0.004264220444488108	0.0021317310029825096	0.04103301602289244
CCCT	0.00026219545009730064	0.0001666800388906003	5.016552457259093e-05	0.16224033796821458
CCGT	0.19338067039821746	0.002759370671621905	0.00221164634837841	0.00824184513625363
CCTT	0.00019162480322420047	0.0014313206520167026	0.0027195328508902127	0.1444166478783385
GCAT	0.004373314569243411	2.2177158210126738e-16	0.0010036071773696046	0.006823234022688225
GCCT	9.014990880145491e-05	1.2652615504309122e-07	0.0009234958984840042	0.01128173188234534
GCGT	0.21642836593573053	2.235300085602274e-16	0.0015274628129659069	0.001992404529700807
GCTT	3.76324715873122e-05	4.9869537363960085e-05	0.001987104039270809	0.00569062517862102
TCAT	0.0010976006505793027	0.535130188298693	0.002418068671784711	0.007534884200217327
TCCT	3.681613605853499e-05	0.09696511114703867	0.0020314996678967093	0.024735351656494486
TCGT	0.11045128417563527	0.04480986532348698	0.0017904085570746083	0.008602559550056132
TCTT	2.2145286413975754e-16	0.30079525293866755	0.0029849321672096134	0.01972716410040127
ATAA	0.0007838116361056019	9.486666022430177e-05	0.0005241034694553024	0.007845088965390028
ATCA	0.0022013141527095054	0.0008750743688985015	0.0004998843761973023	0.006104069379140922
ATGA	0.0011172805613995028	2.5233114410149144e-05	0.0021270270193789096	0.005022026314759418
ATTA	0.00017945559959880043	2.2079237568542938e-16	0.0006045013998743027	0.004155783003689015
CTAA	4.22647255611116e-05	0.00024115104940130043	0.0006980369102791031	0.02062673198034227
CTCA	0.0003874488092359009	0.00024287616192600044	0.0010446988848618049	0.021191311861149777
CTGA	0.0003184653895818008	0.00014786888009370028	0.0034151329961381155	0.018724595491318566
CTTA	0.0002572261132853007	2.227510990176444e-16	0.001350773455709306	0.03124330790189101
GTAA	7.934946373534109e-05	2.200220033252244e-16	0.0002987068851981014	0.0018914513493013068
GTCA	0.0001263460234048003	0.0001295437449274002	0.000636690775383703	0.0029034774915845103
GTGA	0.0002429326879931006	6.361284393910591e-05	0.0010363920785254048	0.00580470654487002
GTTA	0.00025726750040600064	6.322635559827421e-05	0.0005181689779225024	0.0008014857986611029
TTAA	0.006525361219127216	0.00041373381738800077	0.00040268523457570186	0.006627713010861924
TTCA	2.234586946164335e-16	0.00019425263019710035	0.0002675036408769012	0.0038280470719544136
TTGA	2.7741316834988168e-05	5.011642134474669e-05	0.000660211068692803	0.003300429050885412
TTTA	0.0022210052980166056	0.00020431216333590037	0.0013980344984897064	0.008929633811030532
ATAC	0.0010679433541939025	6.10351713851868e-05	0.0013676604821977064	0.020361299604829172
ATCC	0.0030008946297027076	2.142835869170664e-05	0.0004204258938641019	0.007441534333713826
ATGC	0.00010388749079670025	1.3061847459371423e-05	0.0020671107653119094	0.00810712796736513
ATTC	0.0056288259109135135	0.00015346555260640026	0.0014587967666390067	0.00846141395222263
CTAC	2.1918683256111453e-16	0.00029970212723950056	0.001111651320530505	0.008160576001931529
CTCC	0.002464687081653606	2.836873202824445e-05	0.002882967114955113	0.009952886281705835
CTGC	0.0003538504328686009	2.213071158450154e-16	0.0015623482328373072	0.004465866090442815
CTTC	4.21455093306054e-05	0.00018579239649000034	0.0006068400151769027	0.01390831125955145
GTAC	0.0010260706517501027	2.200220033252244e-16	0.0006511810097319029	0.004509618217018415
GTCC	0.0018609104222414045	2.7095409244373548e-05	0.0005688303165654026	0.006555273924299124
GTGC	0.0011554115648454027	0.00010668611757810018	0.0009126287526433041	0.005160856945439018
GTTC	7.109756891065848e-05	1.2584863773541922e-05	0.0014122644692398066	0.0047642184990126174
TTAC	0.0002476141534043006	2.186318513685414e-16	0.0012664302217615059	0.004540478017889016
TTCC	0.0033969729809403084	4.401036152903828e-05	0.0011231068891781053	0.010514369290968238
TTGC	0.000412156707262601	0.0001170383492482002	0.0012517763381944057	0.004047315135795314
TTTC	0.004274201306849711	3.567988023135966e-05	0.0005481502170337025	0.012167631656922244
ATAG	0.0001685195017627004	0.0002354355071260004	0.00011680020176430053	0.003673018752243613
ATCG	0.00020433723300930049	7.435142132099123e-05	0.0005873892871212027	0.0024939196145419085
ATGG	0.00026265893899560065	2.028544491796304e-06	0.0009826265666990045	0.004013627392710314
ATTG	0.00010983074948120027	3.722777276130997e-06	0.00016586319401510076	0.0007822062720885028
CTAG	3.489297110277829e-05	0.00015183584591930028	0.00010215174296760047	0.001972556407828807
CTCG	0.00020900546452420053	0.00015428608646940028	0.0002822696025443013	0.0014361884341916051
CTGG	0.0001258134872422003	0.00012008143953920022	0.000649976925071403	0.0015019729003731054
CTTG	0.00016917563604530042	0.00020277342197570035	0.0007338530416092034	0.0009564483612546033
GTAG	2.1791786222883154e-16	0.00020620896275770037	0.000438103431623902	0.0003026322158882011
GTCG	2.1841211797886253e-16	0.00013152151202560025	0.0005189329203755024	0.0008700454888871032
GTGG	0.00034366087569760083	3.6991167870545866e-05	0.0001801108563651008	0.002565338247732809
GTTG	1.4558548472589235e-05	2.245139697199874e-16	0.0005039447314697023	0.00285446780004811
TTAG	2.165410047418745e-16	1.637287855540193e-05	0.0002819786040640013	0.002225724518573008
TTCG	5.5213336651862936e-05	7.122596440561592e-05	0.00013783584549000063	0.0024295338750004087
TTGG	0.0005776138469570014	9.543126938700287e-05	0.0007147239092271032	0.005399784532794219
TTTG	2.2012630287009253e-16	2.222517679215974e-16	0.0007281848754723034	0.007340802569878626
