"pval"	"apval"	"SBS5"	"SBS40"	"SBS45"	"SBS31"
"SAMPLE420"	0.0407117800553079	1	343.106707978165	364.582185282543	164.961400697211	69.3497060420816
"SAMPLE368"	0.0414493036204645	1	264.908259344553	447.826002946668	167.772143349837	61.4935943589429
"SAMPLE120"	0.0440642898589826	1	255.22854285759	493.398358094291	137.861279355731	55.5118196923873
"SAMPLE862"	0.0626726406656435	1	335.588212499983	450.512080953731	155.899706546286	0
"SAMPLE583"	0.0724252773256509	1	341.425321172465	437.257701280265	163.31697754727	0
"SAMPLE88"	0.0731349013178947	1	349.791238067949	433.483367231328	158.725394700723	0
"SAMPLE122"	0.0742883527068273	1	263.888766188568	523.367796046416	154.743437765016	0
"SAMPLE153"	0.0815707551447634	1	310.384352996551	486.614905239003	145.000741764447	0
"SAMPLE192"	0.0845341539004246	1	302.441631986551	505.898940311381	133.659427702068	0
"SAMPLE338"	0.087244397941073	1	396.295985575137	396.875077785152	148.82893663971	0
"SAMPLE312"	0.0890599621481533	1	409.308799967321	366.7664815332	165.924718499479	0
"SAMPLE284"	0.0992539054888977	1	212.665634739325	580.311243461299	149.023121799376	0
"SAMPLE601"	0.0996271931718973	1	302.819022239569	487.316472654595	151.864505105836	0
"SAMPLE124"	0.100560143198051	1	386.326532800021	362.299607705082	193.373859494897	0
"SAMPLE935"	0.108591686409306	1	326.480586489717	462.824421885852	152.69499162443	0
"SAMPLE709"	0.118355788019541	1	266.283973448879	509.836369512052	165.879657039069	0
"SAMPLE170"	0.120749495713412	1	316.702467914253	473.204268457097	152.09326362865	0
"SAMPLE272"	0.122578266207579	1	355.153012245882	426.391747155767	160.455240598352	0
"SAMPLE632"	0.142787927872763	1	295.816739990211	492.670904692674	153.512355317115	0
"SAMPLE251"	0.149275780082419	1	300.651799693418	482.948096020628	158.400104285954	0
"SAMPLE753"	0.151067895834642	1	288.385480444217	486.85362651116	166.760893044623	0
"SAMPLE655"	0.153363533952956	1	387.502471926382	398.068393460006	156.429134613611	0
"SAMPLE54"	0.158256178996973	1	344.492412976184	432.06462132048	165.442965703337	0
"SAMPLE654"	0.16140210346882	1	359.835821119525	426.18974360339	155.974435277085	0
"SAMPLE596"	0.164683867262501	1	304.502449482085	470.859185704264	166.638364813651	0
"SAMPLE267"	0.168573275410938	1	258.453928271087	499.476070855541	184.070000873373	0
"SAMPLE465"	0.169643346492578	1	268.301858502678	526.980226598569	146.717914898753	0
"SAMPLE399"	0.180308263259456	1	273.571240080896	514.434093228885	153.994666690219	0
"SAMPLE48"	0.190594460041111	1	437.961914634892	345.353550915789	158.684534449319	0
"SAMPLE662"	0.193782496518153	1	317.293798062783	458.941232683529	165.764969253687	0
"SAMPLE398"	0.196883146182988	1	290.994773782	508.06726928712	142.93795693088	0
"SAMPLE32"	0.197012081378082	1	312.009914559371	482.854605704521	147.135479736108	0
"SAMPLE909"	0.197937525170194	1	334.980049845125	454.076596173589	152.943353981286	0
"SAMPLE627"	0.20210288216018	1	422.716513823599	363.6314276387	155.652058537701	0
"SAMPLE423"	0.205016715506814	1	335.862326427545	439.558540963838	166.579132608617	0
"SAMPLE10"	0.205853585654101	1	418.510723458071	359.01873555961	164.470540982319	0
"SAMPLE511"	0.206482878952245	1	255.556794871531	536.856963058667	149.586242069802	0
"SAMPLE793"	0.207293587605239	1	298.969873530188	496.382380636113	146.647745833699	0
"SAMPLE276"	0.207681303059298	1	374.112254944557	425.325779901346	142.561965154097	0
"SAMPLE691"	0.21142047313379	1	285.124378212905	499.800132620117	157.075489166978	0
"SAMPLE283"	0.220797086215055	1	308.293777004257	476.55236654466	157.153856451083	0
"SAMPLE436"	0.224168673601737	1	259.802909614387	528.553758037532	153.643332348081	0
"SAMPLE40"	0.227693057585847	1	273.789498894392	527.864809490932	140.345691614676	0
"SAMPLE224"	0.229451233601506	1	318.30466695868	467.338615934434	156.356717106886	0
"SAMPLE458"	0.232183532985202	1	353.988254552961	440.756123250375	147.255622196664	0
"SAMPLE883"	0.232697283625209	1	388.571901686906	409.31855845927	144.109539853824	0
"SAMPLE853"	0.234699866529826	1	272.097282205248	520.716211440553	149.186506354199	0
"SAMPLE407"	0.236156529034747	1	321.658894669136	462.670157294309	157.670948036555	0
"SAMPLE980"	0.242733858409739	1	370.723320289701	423.032664967892	148.244014742407	0
"SAMPLE386"	0.247548124498276	1	302.319637472984	475.045680758345	164.634681768671	0
"SAMPLE990"	0.248186479757467	1	338.833757186306	443.679777540822	159.486465272872	0
"SAMPLE7"	0.250737419999363	1	313.835686262156	466.739739026258	161.424574711586	0
"SAMPLE424"	0.253270575580249	1	333.652255770303	425.681372831731	182.666371397966	0
"SAMPLE47"	0.253561372710746	1	219.206978222527	558.645824590668	164.147197186805	0
"SAMPLE780"	0.259678092167942	1	280.309540076871	489.634795642327	172.055664280802	0
"SAMPLE832"	0.26449162856017	1	265.112695428277	537.95438339833	138.932921173393	0
"SAMPLE561"	0.265906500286113	1	345.022396319152	436.617460794653	160.360142886194	0
"SAMPLE157"	0.26763137956972	1	311.185304957559	471.297912249202	159.51678279324	0
"SAMPLE620"	0.267669912773853	1	335.340267832575	440.715065901746	165.94466626568	0
"SAMPLE542"	0.270329274958561	1	276.940435179279	500.229127735228	164.830437085493	0
"SAMPLE94"	0.270837018444462	1	297.626261495778	499.035183329191	145.338555175031	0
"SAMPLE65"	0.27420221719471	1	210.041837646928	579.082123950066	152.876038403006	0
"SAMPLE942"	0.276058460918165	1	354.091663744663	433.230609181946	154.67772707339	0
"SAMPLE562"	0.277940681248641	1	286.019408313297	525.884380993409	130.096210693294	0
"SAMPLE770"	0.278171986165312	1	332.41709797164	473.302673280664	136.280228747696	0
"SAMPLE800"	0.28050530457347	1	196.463778916848	596.728879833537	148.807341249615	0
"SAMPLE219"	0.282358485904505	1	304.563217393777	495.337706744133	142.09907586209	0
"SAMPLE169"	0.287024836215037	1	345.355233033767	408.260689940679	188.384077025554	0
"SAMPLE796"	0.287228435295557	1	427.378272004233	327.172780357466	187.448947638301	0
"SAMPLE918"	0.287846553579433	1	295.728292822622	477.555519881644	168.716187295734	0
"SAMPLE415"	0.289767026258362	1	393.617841883341	388.607153768677	159.775004347982	0
"SAMPLE441"	0.293957141324695	1	372.472849576917	403.43903631433	166.088114108752	0
"SAMPLE716"	0.294691638138705	1	300.869597588056	490.721188053259	150.409214358685	0
"SAMPLE702"	0.29477243395546	1	329.421766490864	438.253310030093	174.324923479043	0
"SAMPLE645"	0.294899726152172	1	373.885885278937	396.945379354121	171.168735366942	0
"SAMPLE426"	0.29590624409355	1	364.090266228822	403.997666321426	173.912067449752	0
"SAMPLE600"	0.295964622643584	1	330.260199914662	449.459427383216	162.280372702122	0
"SAMPLE921"	0.296559624800024	1	291.395556158286	491.584711441714	159.0197324	0
"SAMPLE412"	0.29999076368122	1	361.863554189018	408.509148043108	171.627297767874	0
"SAMPLE200"	0.300282043200107	1	274.953972060405	505.085644317311	161.960383622284	0
"SAMPLE628"	0.302697662010566	1	267.762531429119	524.606842195258	149.630626375623	0
"SAMPLE555"	0.303236338602168	1	259.302502908079	530.971825525015	151.725671566907	0
"SAMPLE983"	0.305768444461637	1	293.750320921369	495.348580680457	152.901098398174	0
"SAMPLE225"	0.30650078003129	1	307.275967083411	476.58849163301	158.13554128358	0
"SAMPLE295"	0.307267143696301	1	442.060944594808	339.006665896423	160.932389508769	0
"SAMPLE382"	0.311146396742697	1	365.243754346632	438.470146499629	138.286099153739	0
"SAMPLE694"	0.311442181942092	1	302.760048686924	480.422217169284	158.817734143793	0
"SAMPLE229"	0.315488755041573	1	328.43555009636	455.343994020471	158.220455883169	0
"SAMPLE787"	0.317345903779383	1	346.271390015897	429.617124406893	166.11148557721	0
"SAMPLE109"	0.319264546245243	1	317.033308010103	456.028184663847	168.93850732605	0
"SAMPLE640"	0.321118437357059	1	282.549186544925	505.485091471722	153.965721983354	0
"SAMPLE236"	0.333814424572805	1	348.957965278042	428.078610673764	164.963424048194	0
"SAMPLE366"	0.335711048062598	1	326.245368929506	473.127376344694	142.627254725801	0
"SAMPLE179"	0.336077537588675	1	364.921229790914	428.603088059163	148.475682149923	0
"SAMPLE500"	0.336193867149936	1	289.646011845705	493.586624049696	158.767364104599	0
"SAMPLE83"	0.340619880264143	1	368.284788958237	405.83083602967	167.884375012093	0
"SAMPLE203"	0.343933665322059	1	270.093890171279	510.109908980865	161.796200847856	0
"SAMPLE464"	0.345403735370148	1	404.443959581493	377.516394540751	160.039645877755	0
"SAMPLE533"	0.345685372869131	1	372.612831384725	417.374936976853	152.012231638421	0
"SAMPLE637"	0.346135703170234	1	295.653226300387	485.1976016518	161.149172047813	0
"SAMPLE432"	0.347591307285887	1	258.381518953247	533.643174055426	149.975306991327	0
"SAMPLE505"	0.354431707035372	1	301.058403837195	503.286864409021	137.654731753784	0
"SAMPLE24"	0.354764077964662	1	339.672149121254	440.323108819655	162.004742059092	0
"SAMPLE289"	0.355420189051195	1	428.566857261312	320.745764464318	192.68737827437	0
"SAMPLE543"	0.357406032453306	1	294.782476902272	500.958173486616	146.259349611112	0
"SAMPLE95"	0.358100737225849	1	282.728270155071	509.87346059635	149.398269248579	0
"SAMPLE671"	0.359857787067511	1	341.826654426807	449.195434324252	150.977911248941	0
"SAMPLE955"	0.360744736545047	1	359.716144143769	406.660354993568	175.623500862662	0
"SAMPLE876"	0.360856192748486	1	408.07999487915	377.568820729658	156.351184391192	0
"SAMPLE774"	0.363967627200587	1	385.317169617525	386.370777756199	170.312052626276	0
"SAMPLE625"	0.364764846482658	1	324.791711382639	453.139413683971	164.068874933391	0
"SAMPLE495"	0.365318911788077	1	364.86861007792	398.527441007095	178.603948914985	0
"SAMPLE44"	0.365427712872501	1	279.255823271205	508.52677212873	154.217404600065	0
"SAMPLE681"	0.366093060951051	1	360.966416339174	424.737686477626	156.295897183199	0
"SAMPLE963"	0.366421951202342	1	386.155095418049	394.349273839109	161.495630742842	0
"SAMPLE404"	0.369536531993987	1	235.447062613982	558.461433192822	148.091504193197	0
"SAMPLE400"	0.371471980510492	1	299.512514522404	487.027711408823	155.459774068773	0
"SAMPLE608"	0.371589336127459	1	226.709401537369	566.908821447065	148.381777015566	0
"SAMPLE244"	0.372374518155906	1	351.680751276563	431.622956972103	158.696291751333	0
"SAMPLE343"	0.377688512000906	1	326.516432807703	441.241353849291	174.242213343006	0
"SAMPLE237"	0.378219126260969	1	329.13408829776	428.599288071357	184.266623630883	0
"SAMPLE430"	0.38098300329309	1	306.353842944168	504.142079357168	131.504077698664	0
"SAMPLE293"	0.381657159535757	1	354.12303915902	440.214455929033	147.662504911947	0
"SAMPLE68"	0.385113496783668	1	355.76298016958	426.497145324416	159.739874506004	0
"SAMPLE911"	0.386100974227997	1	373.01797785508	416.257177280371	152.724844864549	0
"SAMPLE329"	0.387921069781392	1	324.570867587396	458.566731647301	158.862400765303	0
"SAMPLE558"	0.390730050595337	1	316.818571843954	482.821259231011	142.360168925035	0
"SAMPLE904"	0.3936673298906	1	339.185503194497	445.238595065031	157.575901740472	0
"SAMPLE135"	0.393890123936917	1	340.963361427403	434.313186520488	166.72345205211	0
"SAMPLE769"	0.395762325754871	1	289.585288069258	492.200816993851	160.21389493689	0
"SAMPLE21"	0.402004167886204	1	277.519826091059	508.532022576335	155.948151332605	0
"SAMPLE768"	0.403427032063729	1	384.912572562216	426.209183897353	130.878243540431	0
"SAMPLE579"	0.406666769831845	1	348.906221204647	445.561387945291	147.532390850062	0
"SAMPLE791"	0.411421684777301	1	258.423308044173	535.687543327105	147.889148628722	0
"SAMPLE98"	0.411669362448445	1	317.374712347332	443.619291878124	181.005995774544	0
"SAMPLE604"	0.412455540643885	1	342.345351450197	447.387992373992	152.266656175812	0
"SAMPLE605"	0.424815431077734	1	299.447188742082	477.690227231863	164.862584026054	0
"SAMPLE280"	0.426699396505425	1	422.66650049517	358.342865013441	160.990634491389	0
"SAMPLE565"	0.427390670222983	1	291.53946076128	504.701341578043	145.759197660677	0
"SAMPLE823"	0.427732463697912	1	304.058732568311	501.547338718794	136.393928712896	0
"SAMPLE240"	0.427910334542532	1	359.309473268348	419.50962234227	163.180904389382	0
"SAMPLE633"	0.428717163585684	1	314.088370485254	443.429769079446	184.4818604353	0
"SAMPLE953"	0.429021622943532	1	298.43128388529	471.157442684524	172.411273430186	0
"SAMPLE665"	0.429933808937172	1	261.357221049913	510.809351035759	169.833427914328	0
"SAMPLE116"	0.430250091727923	1	306.869348892253	465.348411558939	169.782239548808	0
"SAMPLE314"	0.43457740931939	1	336.313115692659	450.889597437307	154.797286870034	0
"SAMPLE252"	0.436647908856691	1	249.68971124378	544.280203846637	148.030084909583	0
"SAMPLE582"	0.436904419907536	1	264.933327345623	507.257114208634	169.809558445743	0
"SAMPLE658"	0.439940107406056	1	290.136740982438	480.758074658533	171.105184359029	0
"SAMPLE119"	0.441457194657867	1	374.80832413625	402.663226670692	164.528449193057	0
"SAMPLE403"	0.442721824513167	1	291.571736725916	503.190671067927	147.237592206157	0
"SAMPLE798"	0.44286625371493	1	246.534258162642	554.376385206093	141.089356631265	0
"SAMPLE493"	0.444283780510215	1	358.735306190647	417.672595337684	165.592098471669	0
"SAMPLE598"	0.446161239382202	1	354.347810282769	410.879445123153	176.772744594078	0
"SAMPLE957"	0.446268024171302	1	343.782184821209	462.261274676698	135.956540502093	0
"SAMPLE22"	0.450474393510781	1	410.961037408641	359.908346993123	171.130615598235	0
"SAMPLE468"	0.453057566803817	1	414.591326384346	346.808960157295	180.59971345836	0
"SAMPLE55"	0.455820997124982	1	302.576667120558	481.818982417643	157.604350461799	0
"SAMPLE340"	0.456256407177668	1	300.915205498313	477.82392439607	163.260870105617	0
"SAMPLE275"	0.457119914351647	1	274.952494690464	502.80099868119	164.246506628346	0
"SAMPLE995"	0.459839771088197	1	272.742786077303	492.539998992955	176.717214929742	0
"SAMPLE809"	0.459965985304474	1	325.814518313251	452.314595662473	163.870886024276	0
"SAMPLE49"	0.460446712407002	1	281.247960414417	510.421584880844	150.330454704739	0
"SAMPLE838"	0.462817488807628	1	308.085749124629	523.114852383811	110.79939849156	0
"SAMPLE307"	0.467473285656388	1	320.70034721514	448.2660301333	173.03362265156	0
"SAMPLE70"	0.473380666199378	1	199.284519441281	608.511046929537	134.204433629182	0
"SAMPLE929"	0.473896029531927	1	324.972220459257	480.249340622792	136.778438917952	0
"SAMPLE321"	0.47633917493237	1	340.375505369758	436.302583124621	165.321911505621	0
"SAMPLE471"	0.478708275082155	1	316.614241022014	458.463600237169	166.922158740816	0
"SAMPLE26"	0.479185362009689	1	373.145792881664	387.279250944739	181.574956173596	0
"SAMPLE827"	0.480835654846871	1	400.352183028239	385.809309317971	155.838507653789	0
"SAMPLE906"	0.482289573842554	1	267.486595667553	516.016554812639	158.496849519808	0
"SAMPLE573"	0.484524614514677	1	235.220655513147	524.086975377426	182.692369109428	0
"SAMPLE538"	0.488582241450951	1	339.673236169346	422.21135480023	180.115409030424	0
"SAMPLE519"	0.489609868210448	1	276.24419553246	506.143532547908	159.612271919632	0
"SAMPLE661"	0.489802815724421	1	257.793419858062	541.334748341094	142.871831800844	0
"SAMPLE903"	0.490289741381651	1	348.279322318214	438.436800999777	155.283876682009	0
"SAMPLE285"	0.495385671142278	1	356.709132559419	414.995088891936	170.295778548645	0
"SAMPLE672"	0.497171656451586	1	274.960082178481	508.792906352095	158.247011469424	0
"SAMPLE951"	0.500530894247897	1	379.925849007738	393.99457013779	168.079580854472	0
"SAMPLE735"	0.501194261866753	1	369.373891970345	431.341906800491	141.284201229164	0
"SAMPLE986"	0.50346129168211	1	334.068325610411	435.721938919572	172.209735470017	0
"SAMPLE189"	0.503726818862058	1	260.70065518164	515.32811805923	165.97122675913	0
"SAMPLE243"	0.508051917670445	1	308.38052921411	481.56241164277	152.05705914312	0
"SAMPLE107"	0.517636134139586	1	429.673913114312	346.271155885835	166.054930999853	0
"SAMPLE960"	0.518730676241053	1	303.59443275358	487.595194362776	150.810372883644	0
"SAMPLE788"	0.520440364743888	1	335.13872376382	456.286793009168	150.574483227012	0
"SAMPLE859"	0.521898632680055	1	334.336970829346	455.253665740966	152.409363429687	0
"SAMPLE726"	0.523828978990766	1	340.501452648987	462.217663436839	139.280883914175	0
"SAMPLE580"	0.527061190446624	1	413.842848325134	362.221583774573	165.935567900293	0
"SAMPLE750"	0.531333340301722	1	266.502062148692	512.523529764016	162.974408087292	0
"SAMPLE930"	0.534253794972958	1	307.391370062222	457.737016029085	176.871613908693	0
"SAMPLE365"	0.535268801338981	1	335.84178421356	446.217245733821	159.94097005262	0
"SAMPLE782"	0.53573141871465	1	313.911056408814	468.218197354816	159.87074623637	0
"SAMPLE892"	0.536030146065709	1	352.236534489948	449.655549540556	140.107915969496	0
"SAMPLE941"	0.536103380437085	1	304.695600055952	455.411469177491	181.892930766557	0
"SAMPLE944"	0.538740897743105	1	286.990373563084	480.150761358998	174.858865077918	0
"SAMPLE805"	0.539112507071815	1	318.5709573051	481.8507224944	141.578320200501	0
"SAMPLE520"	0.542170995276009	1	385.988661078781	390.198877290742	165.812461630477	0
"SAMPLE391"	0.542414922774877	1	367.622290236295	411.780223952144	162.597485811561	0
"SAMPLE966"	0.542935101281555	1	321.726329906241	456.091012036011	164.182658057748	0
"SAMPLE855"	0.544224691712619	1	431.805014362587	339.67033255025	170.524653087164	0
"SAMPLE611"	0.547791233925069	1	382.93953841259	412.742982390385	146.317479197025	0
"SAMPLE656"	0.554703375097325	1	288.287817457957	476.811322335907	176.900860206136	0
"SAMPLE574"	0.555251199522254	1	366.023098964597	413.097049253556	162.879851781846	0
"SAMPLE291"	0.556618358454665	1	269.023695651295	510.703910032673	162.272394316031	0
"SAMPLE346"	0.55961930161832	1	398.944119037509	372.163985691411	170.89189527108	0
"SAMPLE934"	0.561219077815652	1	320.340929621053	469.187706314151	152.471364064796	0
"SAMPLE775"	0.564524787719533	1	327.068606786366	448.07831894404	166.853074269594	0
"SAMPLE931"	0.569996471011715	1	254.844578034535	528.165975257069	158.989446708396	0
"SAMPLE402"	0.570172008419523	1	345.065434250494	460.934158242165	136.000407507341	0
"SAMPLE485"	0.570876673887332	1	340.244679239076	457.622719218443	144.132601542481	0
"SAMPLE103"	0.572119216651372	1	253.934862454805	529.531877317493	158.533260227702	0
"SAMPLE141"	0.574949661643503	1	348.819700704844	425.943587761477	167.236711533679	0
"SAMPLE610"	0.576098523350702	1	318.514823079977	457.267370622324	166.217806297699	0
"SAMPLE483"	0.579498125593782	1	251.192721337737	537.275086853997	153.532191808266	0
"SAMPLE667"	0.579909765847286	1	402.525590568159	365.303376806429	174.171032625412	0
"SAMPLE409"	0.585189297211176	1	353.768213321575	427.412752394103	160.819034284322	0
"SAMPLE889"	0.588749639491607	1	260.787331209328	542.366755989961	138.845912800711	0
"SAMPLE443"	0.588968270447903	1	223.074569125126	557.357310575613	161.568120299262	0
"SAMPLE669"	0.591156112292066	1	312.288806855226	461.914117088784	167.79707605599	0
"SAMPLE452"	0.59432563028633	1	331.025394216909	469.698138988032	141.276466795058	0
"SAMPLE708"	0.594632748652505	1	318.88514595786	451.76031453831	171.35453950383	0
"SAMPLE37"	0.597540853804849	1	324.564396336048	457.864031637614	159.571572026338	0
"SAMPLE437"	0.597676066457452	1	254.325976014225	535.955232679705	151.71879130607	0
"SAMPLE298"	0.597795528391399	1	271.890863647603	526.211081997808	143.898054354589	0
"SAMPLE394"	0.598985264115606	1	261.935586927213	540.303857385429	139.760555687359	0
"SAMPLE248"	0.599542230067891	1	358.421545394976	415.640001949821	167.938452655203	0
"SAMPLE438"	0.602375235599311	1	322.936392273274	487.376139299067	131.687468427659	0
"SAMPLE429"	0.607036982692885	1	387.58431313074	396.959618525208	157.456068344053	0
"SAMPLE964"	0.610718717376108	1	309.246981387774	468.735869758681	164.017148853545	0
"SAMPLE387"	0.612467485493999	1	350.652065739629	432.85053077604	158.497403484331	0
"SAMPLE757"	0.613775969085217	1	307.369079115176	465.257665737933	169.373255146891	0
"SAMPLE227"	0.614017898405657	1	428.855619840865	331.660699759735	181.4836803994	0
"SAMPLE803"	0.614508537432154	1	324.046530032433	465.250976577624	152.702493389943	0
"SAMPLE733"	0.615398563809968	1	239.083330915878	542.591874077921	160.324795006201	0
"SAMPLE893"	0.616137651988449	1	305.472251199224	461.898303934966	174.62944486581	0
"SAMPLE371"	0.617046879006084	1	254.504702602724	541.536713714228	145.958583683049	0
"SAMPLE188"	0.619061735399542	1	396.369423417163	380.560567265445	165.070009317391	0
"SAMPLE223"	0.621821861071402	1	354.334921218336	443.017107025038	144.647971756627	0
"SAMPLE799"	0.622021593319165	1	277.875389155062	508.987569816763	155.137041028175	0
"SAMPLE736"	0.623222066610342	1	382.439161010641	386.710879901636	172.849959087722	0
"SAMPLE313"	0.627037816349412	1	343.929374983135	443.581103757653	154.489521259211	0
"SAMPLE64"	0.627091506392497	1	334.863148375799	460.219335048285	146.917516575916	0
"SAMPLE63"	0.627265856647804	1	405.760479850315	388.68913984016	147.550380309525	0
"SAMPLE706"	0.630214509226959	1	233.064246798833	570.309185248656	138.626567952511	0
"SAMPLE494"	0.631317130116899	1	319.384758625321	479.024120628897	143.591120745783	0
"SAMPLE546"	0.638646951714323	1	304.019321485779	478.592916275028	159.387762239193	0
"SAMPLE693"	0.641525518944159	1	344.413517345486	440.869198624008	156.717284030507	0
"SAMPLE920"	0.642821632420131	1	350.169103227829	431.756763871099	160.074132901072	0
"SAMPLE861"	0.644954670654167	1	342.791789907935	450.767387297838	148.440822794228	0
"SAMPLE454"	0.647004243215714	1	288.899075675307	496.133513669988	156.967410654705	0
"SAMPLE356"	0.64966882832956	1	217.003819289977	571.747903700749	153.248277009274	0
"SAMPLE878"	0.652403692100637	1	389.175823582762	370.708667233147	182.115509184092	0
"SAMPLE764"	0.653005966118485	1	253.791273299443	534.896669132336	153.312057568222	0
"SAMPLE744"	0.655250997128421	1	351.867528997161	432.008522804565	158.123948198274	0
"SAMPLE686"	0.656207570071677	1	285.05724783914	490.896074670491	166.046677490369	0
"SAMPLE979"	0.656670048403084	1	370.170128820474	419.637929366128	152.191941813398	0
"SAMPLE246"	0.661147048650741	1	263.252305511111	504.926769404003	173.820925084886	0
"SAMPLE826"	0.662137799795793	1	374.009804801111	404.33508392149	163.655111277399	0
"SAMPLE296"	0.662557270695298	1	294.493323759292	479.363760917867	168.142915322841	0
"SAMPLE440"	0.662673394057492	1	372.664940209301	395.213113110954	174.121946679746	0
"SAMPLE619"	0.664127137034556	1	307.013267101542	474.428173907049	160.558558991409	0
"SAMPLE988"	0.665954122339781	1	261.256106294882	499.901688908133	180.842204796985	0
"SAMPLE129"	0.668507432393654	1	336.84688386801	440.149263771006	165.003852360984	0
"SAMPLE971"	0.671001950399638	1	333.195202620695	447.82516858814	160.979628791165	0
"SAMPLE341"	0.672155706762448	1	361.338117122881	421.816297379014	158.845585498105	0
"SAMPLE303"	0.672738421049327	1	289.276683257425	485.986971059263	166.736345683312	0
"SAMPLE915"	0.676921434092781	1	336.956099644666	430.952591178914	174.091309176419	0
"SAMPLE739"	0.678240043648324	1	312.764203302486	469.045187007063	160.190609690451	0
"SAMPLE446"	0.687267122777028	1	324.169019964508	452.445978179886	165.385001855606	0
"SAMPLE11"	0.687298532159119	1	304.881779302511	456.913875302093	180.204345395396	0
"SAMPLE477"	0.687954974759869	1	199.491734796728	586.187833120026	156.320432083247	0
"SAMPLE311"	0.689814563299346	1	268.764251241167	502.219089501762	171.01665925707	0
"SAMPLE210"	0.690011635311896	1	337.171415312927	427.853081041629	176.975503645444	0
"SAMPLE928"	0.691765131328455	1	279.886860502329	478.890712217618	183.222427280053	0
"SAMPLE802"	0.692963639726743	1	292.112518126011	498.127699193812	151.759782680177	0
"SAMPLE947"	0.695839896855046	1	288.52626302262	500.890518655541	152.583218321839	0
"SAMPLE974"	0.695882964294879	1	340.334056232674	444.103477745352	157.562466021974	0
"SAMPLE87"	0.697227986917971	1	259.278289077292	539.808695258296	142.913015664412	0
"SAMPLE282"	0.697929432334649	1	346.145703095157	425.200836839617	170.653460065226	0
"SAMPLE646"	0.698347033240349	1	289.389459574497	518.995144707058	133.615395718445	0
"SAMPLE888"	0.701042038542632	1	321.311534895449	456.89548260055	163.792982504001	0
"SAMPLE647"	0.701261800990146	1	252.892576189349	545.757923997786	143.349499812865	0
"SAMPLE269"	0.701940307894057	1	370.274822747072	433.953174177804	137.772003075124	0
"SAMPLE498"	0.704467811257282	1	344.405254396069	421.623910774849	175.970834829082	0
"SAMPLE982"	0.709017964750201	1	287.148744872077	484.629188629347	170.222066498576	0
"SAMPLE213"	0.70990542508823	1	315.049804236324	478.925677250361	148.024518513315	0
"SAMPLE624"	0.710356815442483	1	301.460558062358	482.68542652361	157.854015414032	0
"SAMPLE707"	0.712372628188752	1	239.090598531267	571.332927134352	131.57647433438	0
"SAMPLE466"	0.712985610854521	1	298.854297194967	479.290369328665	163.855333476368	0
"SAMPLE384"	0.715733147415314	1	382.746049544894	376.14687798091	183.107072474196	0
"SAMPLE927"	0.716403780720224	1	392.810002317988	378.362975298414	170.827022383599	0
"SAMPLE175"	0.717421589058139	1	362.712324238954	412.040822885755	167.246852875291	0
"SAMPLE146"	0.71767105240608	1	316.544850088888	450.311092025735	175.144057885377	0
"SAMPLE545"	0.717774855853556	1	381.003872563984	418.821091310317	142.175036125699	0
"SAMPLE23"	0.717935648323732	1	330.642856795705	444.427204243127	166.929938961168	0
"SAMPLE631"	0.721786090526233	1	326.471135232882	468.646608785428	146.88225598169	0
"SAMPLE738"	0.72232168195925	1	342.25259669847	427.85791238859	171.889490912941	0
"SAMPLE132"	0.72647248715356	1	344.506701345388	458.286558390844	139.206740263768	0
"SAMPLE572"	0.726619641617302	1	425.343802824451	354.547306452136	162.108890723413	0
"SAMPLE544"	0.727605010371693	1	339.050996092446	429.949257549688	172.999746357866	0
"SAMPLE36"	0.727759480085137	1	362.794622636724	399.689244412944	179.516132950332	0
"SAMPLE718"	0.729784320867729	1	250.426462645083	509.668993110126	181.904544244791	0
"SAMPLE378"	0.731331399665908	1	312.169405089607	477.654995725548	152.175599184845	0
"SAMPLE540"	0.733062184579985	1	291.95300394585	502.267909693664	147.779086360486	0
"SAMPLE162"	0.734892407543593	1	319.269994631821	467.928173943233	154.801831424946	0
"SAMPLE319"	0.736325937148012	1	268.850052410057	525.721482347564	147.428465242378	0
"SAMPLE910"	0.739658658333814	1	344.287557882833	423.425908783328	174.286533333838	0
"SAMPLE233"	0.740742899783545	1	379.144423117422	393.589665312954	169.265911569624	0
"SAMPLE43"	0.745140931364622	1	321.102032764331	470.187580349593	150.710386886076	0
"SAMPLE968"	0.745232006649213	1	226.210660496305	547.799954494031	167.989385009664	0
"SAMPLE797"	0.745314188745563	1	319.854249186611	458.246269371266	163.899481442124	0
"SAMPLE304"	0.746578021706866	1	379.50983596134	394.141234731127	168.348929307533	0
"SAMPLE127"	0.748052761164414	1	349.837043547622	426.504255637354	165.658700815024	0
"SAMPLE74"	0.750063027003302	1	294.563677420774	472.609086341982	174.827236237244	0
"SAMPLE226"	0.750959721183903	1	307.989629082744	478.552972210425	155.457398706831	0
"SAMPLE431"	0.751219008046056	1	289.411803321423	500.334669613559	152.253527065018	0
"SAMPLE42"	0.751737720633356	1	333.855483704719	468.541536017341	139.60298027794	0
"SAMPLE59"	0.752532022203763	1	245.28584651483	547.772116667472	148.942036817698	0
"SAMPLE110"	0.752764190642426	1	271.581693729472	512.105971400138	158.312334870391	0
"SAMPLE777"	0.75299495465084	1	329.397539093496	452.862431624149	159.740029282355	0
"SAMPLE467"	0.753945471050679	1	383.500963299572	390.826283502371	167.672753198058	0
"SAMPLE242"	0.756318969904446	1	277.992457016206	520.081494283781	143.926048700013	0
"SAMPLE212"	0.756623371533365	1	314.880182183184	468.017222134284	159.102595682533	0
"SAMPLE6"	0.759097189814803	1	284.130329958028	482.990625349444	174.879044692528	0
"SAMPLE673"	0.762221933946919	1	340.070858459919	450.829850584335	151.099290955745	0
"SAMPLE374"	0.763552491791566	1	248.476891163661	516.219784266664	177.303324569675	0
"SAMPLE271"	0.763623790631078	1	322.925760957716	473.430038165973	145.64420087631	0
"SAMPLE130"	0.763689509771171	1	232.535393451646	570.341230059929	139.123376488425	0
"SAMPLE171"	0.763774497798228	1	303.389982256443	482.019150326859	156.590867416698	0
"SAMPLE642"	0.76618645383896	1	264.097488276848	550.937298023216	126.965213699936	0
"SAMPLE571"	0.771906495231649	1	279.423260014535	505.76750563654	156.809234348925	0
"SAMPLE79"	0.77300884076992	1	295.882146643132	497.146220811599	148.97163254527	0
"SAMPLE978"	0.773489353103839	1	302.98606219631	475.278098640875	163.735839162815	0
"SAMPLE450"	0.777070951584467	1	372.821815524157	415.401701609659	153.776482866184	0
"SAMPLE377"	0.778362897168595	1	255.97724452643	517.020096476283	169.002658997287	0
"SAMPLE784"	0.782002890341717	1	374.57032783823	417.297554090855	150.132118070916	0
"SAMPLE875"	0.782909617096286	1	404.305106176519	352.355868046822	185.339025776659	0
"SAMPLE15"	0.784028492155013	1	283.79547989584	490.927642536471	167.276877567689	0
"SAMPLE254"	0.787032620104469	1	309.516807213009	489.728394760088	142.754798026903	0
"SAMPLE536"	0.788580327961364	1	227.429895664008	571.075331447532	143.494772888461	0
"SAMPLE211"	0.788907774093043	1	283.551048242223	478.0442230848	180.404728672977	0
"SAMPLE720"	0.792143432573197	1	286.736508370241	495.702184027783	159.561307601977	0
"SAMPLE439"	0.792229001027375	1	372.855981072889	394.476876784227	174.667142142884	0
"SAMPLE16"	0.792424328140617	1	260.787269295782	526.578459563039	154.634271141179	0
"SAMPLE335"	0.792587884142077	1	377.056582403115	404.966650302383	159.976767294501	0
"SAMPLE478"	0.795207015927804	1	246.588370972698	536.174579375693	159.23704965161	0
"SAMPLE29"	0.795886077945656	1	383.909110938411	400.129110794601	157.961778266988	0
"SAMPLE635"	0.798113614846195	1	238.120343290123	560.636201826448	143.243454883429	0
"SAMPLE461"	0.800159609153857	1	315.671036662049	463.320996310699	163.007967027252	0
"SAMPLE530"	0.801149363153278	1	349.905641953895	431.371159299137	160.723198746968	0
"SAMPLE997"	0.801221031824184	1	338.456608168447	449.722801941605	153.820589889947	0
"SAMPLE717"	0.801722098450267	1	423.237332138474	373.16124473516	145.601423126366	0
"SAMPLE216"	0.803613706667835	1	284.609642868943	494.777977424544	162.612379706513	0
"SAMPLE833"	0.809926652727115	1	333.032421113	451.096682834261	157.870896052739	0
"SAMPLE897"	0.811349640224784	1	298.912926566784	482.026294081706	161.06077935151	0
"SAMPLE575"	0.813466242055621	1	385.108886121207	384.618608811092	172.272505067701	0
"SAMPLE61"	0.814730971047509	1	413.444955737934	336.072365448814	192.482678813252	0
"SAMPLE891"	0.815200464147142	1	355.220151361802	446.379736005501	140.400112632697	0
"SAMPLE474"	0.816744068879953	1	289.498836689039	510.386686901049	142.114476409912	0
"SAMPLE35"	0.817492337430348	1	311.169517178826	456.838868324291	173.991614496883	0
"SAMPLE115"	0.817771887271482	1	295.58894401508	475.037595404952	171.373460579968	0
"SAMPLE629"	0.818086045489434	1	288.614028561468	500.7842408547	152.601730583832	0
"SAMPLE163"	0.819513871247469	1	339.543591785639	448.702036301757	153.754371912604	0
"SAMPLE380"	0.819592319203004	1	268.448380868312	518.883690705196	154.667928426493	0
"SAMPLE821"	0.824341713558255	1	296.628890463647	497.78622312385	147.584886412503	0
"SAMPLE367"	0.824684200618957	1	374.687557663273	383.942918848464	183.369523488263	0
"SAMPLE218"	0.824937575588241	1	284.75096027446	526.732420552032	130.516619173508	0
"SAMPLE139"	0.825384729613678	1	314.312869017552	457.452035942271	170.235095040177	0
"SAMPLE361"	0.827764751649926	1	421.265030311743	348.51723731791	172.217732370346	0
"SAMPLE274"	0.831647562264311	1	286.573371861815	488.521952450551	166.904675687634	0
"SAMPLE62"	0.832296364285815	1	438.991195039983	338.797102360471	164.211702599546	0
"SAMPLE577"	0.833345882336079	1	349.623354652827	425.069604443598	167.307040903575	0
"SAMPLE659"	0.834067585677806	1	319.73830023211	464.454871915212	157.806827852678	0
"SAMPLE588"	0.838057678150618	1	390.600592382769	383.751350387815	167.648057229416	0
"SAMPLE556"	0.838388964828382	1	270.20012136306	508.751241225982	163.048637410958	0
"SAMPLE615"	0.839119257955506	1	289.896069959336	500.810680691344	151.293249349319	0
"SAMPLE704"	0.841522759139303	1	225.451504234615	563.195107669989	153.353388095396	0
"SAMPLE845"	0.844389666845577	1	314.054302125798	432.305858692593	195.639839181609	0
"SAMPLE178"	0.848540413996083	1	284.352448398825	494.729140296523	162.918411304652	0
"SAMPLE349"	0.854016665202542	1	318.382798923505	445.830550146	177.786650930495	0
"SAMPLE186"	0.854128186179616	1	295.424568624118	468.714676927341	177.860754448542	0
"SAMPLE696"	0.855667234490405	1	400.589527377568	375.925904737673	165.484567884759	0
"SAMPLE154"	0.856029372058081	1	351.51579750679	427.343986739807	163.140215753403	0
"SAMPLE967"	0.856320775337034	1	273.752072611263	496.801385815686	171.446541573051	0
"SAMPLE697"	0.857079347972881	1	336.971641301609	435.448673197837	169.579685500554	0
"SAMPLE900"	0.857136245803774	1	221.05079983349	574.935959526973	146.013240639537	0
"SAMPLE359"	0.858328224848972	1	387.660843260396	382.399825290698	171.939331448905	0
"SAMPLE2"	0.859726497187254	1	284.778893175943	488.800100925967	168.42100589809	0
"SAMPLE234"	0.861630860663873	1	359.142455479017	430.44018453878	152.417359982203	0
"SAMPLE593"	0.861899467945464	1	364.223130094414	409.893063575301	167.883806330285	0
"SAMPLE674"	0.862212419727919	1	307.843324222811	493.609001838402	140.547673938787	0
"SAMPLE807"	0.865305611920616	1	329.303614432199	444.959563432656	167.736822135146	0
"SAMPLE497"	0.865976865838388	1	344.341275004745	453.87747380808	143.781251187175	0
"SAMPLE143"	0.867314503966772	1	271.508688248577	530.355088258812	140.136223492611	0
"SAMPLE360"	0.87049779130855	1	405.905173669714	361.959997829596	174.13482850069	0
"SAMPLE305"	0.871344451740316	1	401.323487648185	394.026347419973	146.650164931841	0
"SAMPLE762"	0.873827574347688	1	241.766565873095	576.008156628393	124.225277498512	0
"SAMPLE160"	0.874328052254002	1	347.101097040759	436.363304982858	158.535597976383	0
"SAMPLE905"	0.877677969383588	1	303.683384862835	489.105143353627	149.211471783537	0
"SAMPLE17"	0.878465436566429	1	396.216555815018	376.206779802164	169.576664382818	0
"SAMPLE535"	0.880624035201159	1	277.076551242083	518.755228449492	146.168220308425	0
"SAMPLE597"	0.880730419796525	1	320.137451257835	439.733079598635	182.12946914353	0
"SAMPLE310"	0.882035289109106	1	314.452669265028	451.555416915776	175.991913819196	0
"SAMPLE989"	0.885116522914023	1	265.124089225865	526.894832001523	149.981078772612	0
"SAMPLE27"	0.891151532603256	1	272.499266039753	530.794358337274	138.706375622973	0
"SAMPLE117"	0.891344352203386	1	288.400878768826	486.652310170918	166.946811060256	0
"SAMPLE839"	0.891628628567314	1	328.266352207274	445.909197025077	167.824450767649	0
"SAMPLE623"	0.893464971491273	1	283.354271534379	501.830755620278	156.814972845343	0
"SAMPLE209"	0.893640368738976	1	305.178992857067	488.251327772031	148.569679370902	0
"SAMPLE729"	0.894873900499849	1	402.230052538456	375.741316960713	164.028630500832	0
"SAMPLE1"	0.89981878591028	1	364.217898838435	421.552090477792	156.230010683773	0
"SAMPLE383"	0.900879692463647	1	350.012799692784	417.496022043966	174.49117826325	0
"SAMPLE161"	0.903582799674425	1	321.574071154064	449.047595965468	171.378332880468	0
"SAMPLE89"	0.905913479022706	1	292.833991880308	501.825212480287	147.340795639405	0
"SAMPLE506"	0.906770574503268	1	328.818919332779	442.299817670658	170.881262996564	0
"SAMPLE873"	0.908226106604779	1	289.156634425407	511.43404313775	141.409322436843	0
"SAMPLE1000"	0.9090819337854	1	345.27612255882	464.48603602596	132.237841415219	0
"SAMPLE196"	0.911496482785979	1	260.950362598516	536.813105624793	144.236531776691	0
"SAMPLE379"	0.917610487600919	1	251.01743064535	507.927638060368	183.054931294282	0
"SAMPLE496"	0.918531172944635	1	279.366301941983	493.402125288463	169.231572769553	0
"SAMPLE688"	0.91906935056194	1	368.646846992302	421.136112043324	152.217040964374	0
"SAMPLE850"	0.91931322557736	1	283.905401144151	501.995176457948	156.099422397901	0
"SAMPLE518"	0.919557507316768	1	371.178219835127	414.013721636197	156.808058528676	0
"SAMPLE131"	0.920120829743989	1	450.591322032526	318.299983202579	173.108694764895	0
"SAMPLE353"	0.922278329101205	1	293.863006537079	490.484361266516	157.652632196405	0
"SAMPLE817"	0.923141195760172	1	335.559263158009	428.69270675358	177.748030088411	0
"SAMPLE550"	0.928934782869405	1	405.021205881375	409.073978242787	127.904815875838	0
"SAMPLE480"	0.929533064232655	1	368.987277692261	403.991835352754	169.020886954985	0
"SAMPLE603"	0.930061709496587	1	305.844321780349	496.47803743251	139.677640787141	0
"SAMPLE309"	0.930189090003863	1	287.87712216467	475.771653096932	178.351224738399	0
"SAMPLE435"	0.930954985870028	1	256.239424562083	534.788225324031	150.972350113885	0
"SAMPLE557"	0.933052688495494	1	330.386317650613	460.395531805685	151.218150543702	0
"SAMPLE113"	0.933641536481979	1	404.329595830029	370.353686137382	167.316718032589	0
"SAMPLE899"	0.933682113249621	1	304.490179468453	485.248009685131	152.261810846415	0
"SAMPLE532"	0.933901761797216	1	346.639754239353	446.389532556158	148.97071320449	0
"SAMPLE140"	0.934240373540771	1	315.627272702854	456.834593587117	169.538133710029	0
"SAMPLE613"	0.934463363863223	1	218.401761871829	553.556555827385	170.041682300786	0
"SAMPLE502"	0.937124600072099	1	377.187966842086	404.416529660012	160.395503497902	0
"SAMPLE868"	0.937185125406356	1	295.503617238926	471.379473367148	175.116909393926	0
"SAMPLE425"	0.937387506694978	1	365.039928391152	406.56584988425	170.394221724598	0
"SAMPLE913"	0.93967396413864	1	329.560261649232	452.110677976382	160.329060374386	0
"SAMPLE9"	0.939736333831071	1	353.053943974712	425.857700400799	163.088355624489	0
"SAMPLE67"	0.940389021103451	1	370.003479362365	412.956658452415	159.039862185221	0
"SAMPLE599"	0.940916398766678	1	309.916145980006	459.178263532267	172.905590487727	0
"SAMPLE984"	0.943317663967187	1	348.765076466143	455.510253705121	137.724669828735	0
"SAMPLE651"	0.944970009250359	1	276.479051001889	497.406191232759	168.114757765352	0
"SAMPLE264"	0.945703091734043	1	296.894470942599	485.080219058463	160.025309998938	0
"SAMPLE880"	0.945888570686356	1	284.365012071747	500.907167247648	156.727820680605	0
"SAMPLE206"	0.947400827938415	1	396.353296247066	364.688370565596	180.958333187338	0
"SAMPLE801"	0.949570300999144	1	368.919171234798	410.746272212182	162.33455655302	0
"SAMPLE677"	0.949709106246495	1	369.062811625021	414.922021093787	158.015167281192	0
"SAMPLE924"	0.950029057420312	1	329.117308197067	456.675405442328	156.207286360605	0
"SAMPLE444"	0.951025477243334	1	300.717323349779	484.588478244259	156.694198405962	0
"SAMPLE602"	0.951199113732299	1	337.399062859362	457.355354335125	147.245582805513	0
"SAMPLE106"	0.95182983128129	1	390.567867117974	379.498393233032	171.933739648994	0
"SAMPLE521"	0.952280700070488	1	269.920831201503	509.711304523701	162.367864274797	0
"SAMPLE684"	0.955596083025514	1	309.040353127599	484.243358163022	148.71628870938	0
"SAMPLE578"	0.957127851566054	1	277.935415244871	505.731101572698	158.333483182431	0
"SAMPLE8"	0.958730568679132	1	280.310277908232	500.166419600903	161.523302490865	0
"SAMPLE836"	0.959259330999792	1	329.551970239796	462.25433317637	150.193696583835	0
"SAMPLE45"	0.959791973553675	1	360.264308671527	425.401529712831	156.334161615642	0
"SAMPLE765"	0.960095237278675	1	276.905223836053	510.096315137257	154.99846102669	0
"SAMPLE824"	0.961823275969481	1	309.575023039066	462.567628770252	169.857348190683	0
"SAMPLE249"	0.962003658987582	1	347.98545728309	449.622366264446	144.392176452464	0
"SAMPLE482"	0.962746388670805	1	308.743373785225	464.711681632464	168.544944582311	0
"SAMPLE690"	0.963117799204105	1	344.828212462637	451.918659070949	145.253128466414	0
"SAMPLE302"	0.963234709151185	1	312.567477271781	483.220702398981	146.211820329238	0
"SAMPLE731"	0.964295894638749	1	273.20687317874	519.214586574781	149.578540246479	0
"SAMPLE585"	0.965741274140378	1	317.054966580834	458.708658067272	166.236375351894	0
"SAMPLE926"	0.965825045608856	1	295.387570192818	482.477404045284	164.135025761899	0
"SAMPLE221"	0.966884170573089	1	252.977606269978	550.57076235484	138.451631375182	0
"SAMPLE528"	0.971012373027699	1	315.816802250661	433.452022305809	192.73117544353	0
"SAMPLE902"	0.971253229909664	1	278.031029262662	507.499574662392	156.469396074946	0
"SAMPLE469"	0.971555714396249	1	291.428947578618	484.130551165636	166.440501255747	0
"SAMPLE337"	0.97174812484573	1	329.85816866923	473.370911556656	138.770919774114	0
"SAMPLE351"	0.971806999268419	1	302.204729846015	477.290304188283	162.504965965702	0
"SAMPLE872"	0.972548129253208	1	283.37479254429	512.438325578968	146.186881876742	0
"SAMPLE537"	0.974359058496532	1	342.815892414646	452.473104601928	146.711002983426	0
"SAMPLE510"	0.976207318543727	1	360.81129354932	438.461225779784	142.727480670896	0
"SAMPLE846"	0.976535328296292	1	275.188338144704	518.501689266074	148.309972589222	0
"SAMPLE682"	0.979112861351634	1	307.785174869011	472.011353732003	162.203471398985	0
"SAMPLE566"	0.979523942141479	1	355.656255945127	440.505328279021	145.838415775852	0
"SAMPLE339"	0.98082099276089	1	269.714782436657	534.590989473191	137.694228090153	0
"SAMPLE286"	0.981004151448758	1	302.569364463228	462.210588948988	177.220046587784	0
"SAMPLE177"	0.982244621045419	1	351.008417035784	427.716667933894	163.274915030322	0
"SAMPLE151"	0.983654563729808	1	305.18978341524	479.95364929861	156.85656728615	0
"SAMPLE199"	0.985585197320822	1	361.927641801189	422.902753663186	157.169604535625	0
"SAMPLE857"	0.985741386705623	1	343.967109571697	446.594759708342	151.438130719961	0
"SAMPLE737"	0.985812422816508	1	281.234816904157	478.597365811629	181.686819395076	0.480997889137676
"SAMPLE559"	0.98639729089814	1	273.465509744901	521.411940015503	146.682497064059	0.44005317553758
"SAMPLE763"	0.989789015624658	1	359.181177265064	399.549394088248	182.936462155894	0.332966490795025
"SAMPLE890"	0.992470530465303	1	356.218121628357	435.528372901666	149.99817257052	0.255332899456752
"SAMPLE700"	0.992939229222899	1	318.87798297912	474.310799211947	148.550407752296	0.260810056636989
"SAMPLE948"	0.994384646017609	1	332.021397331699	442.471680017203	167.32750334955	0.179419301547042
"SAMPLE741"	0.994944364242607	1	374.205653938019	395.90565124145	171.72656709793	0.162127722601678
"SAMPLE689"	0.999663586844317	1	322.418159610791	445.679415207136	173.891269482964	0.0111556991096269
"SAMPLE534"	0.999997102495298	1	281.186128734222	512.683460449947	148.130410815831	0
"SAMPLE215"	0.999997121290122	1	286.625495842784	521.729195466503	133.645308690712	0
"SAMPLE14"	0.999997639301537	1	246.671073828092	550.918349900113	144.410576271795	1.88380199769978e-27
"SAMPLE639"	0.999997646978625	1	289.938485953557	515.009228344121	137.052285702322	4.33357129133588e-21
"SAMPLE434"	0.999997670161667	1	339.28808817857	443.622666435451	159.089245385979	4.42278815212207e-22
"SAMPLE488"	0.999997717233961	1	301.085447946006	477.079379387315	163.835172666678	1.86746186249058e-27
"SAMPLE104"	0.999997725174041	1	286.631670417113	505.977827182363	149.390502400524	7.69287748110189e-22
"SAMPLE418"	0.999997741137929	1	358.564011687101	420.665354292029	162.77063402087	0
"SAMPLE975"	0.999997942342499	1	338.067870995241	463.190676132776	140.741452871983	5.94749380720711e-26
"SAMPLE760"	0.999997968894031	1	363.292003858121	430.312641564219	148.39535457766	0
"SAMPLE722"	0.999997986789586	1	346.22893088321	438.353077188748	157.417991928042	2.50534857214263e-21
"SAMPLE333"	0.999998013935238	1	347.366844243621	433.793221060227	160.839934696152	0
"SAMPLE699"	0.999998013935238	1	354.35887722835	430.4380122942	157.203110477451	1.99660615537794e-22
"SAMPLE818"	0.999998032240373	1	324.709337096629	475.498123390481	141.79253951289	3.76614729822911e-24
"SAMPLE663"	0.999998050717399	1	337.578443356286	447.04977168422	157.371784959494	2.70379771665546e-20
"SAMPLE344"	0.999998060021904	1	416.592963498323	351.70025102377	173.706785477907	0
"SAMPLE197"	0.999998078766093	1	356.001533717652	410.28976966805	175.708696614298	3.40514102996354e-22
"SAMPLE885"	0.999998088207103	1	373.028815501142	425.795342651413	143.175841847445	1.92006702649601e-22
"SAMPLE568"	0.999998185316656	1	362.543259306629	411.0810942293	168.375646464072	1.98840078481357e-22
"SAMPLE300"	0.999998195314988	1	307.365470482938	486.721698880052	147.91283063701	2.49682607223622e-24
"SAMPLE318"	0.999998195314988	1	324.49410531155	428.111310894731	189.39458379372	2.10072174223244e-23
"SAMPLE393"	0.999998205369021	1	262.165643103498	518.958422838553	160.875934057949	2.33730586943452e-18
"SAMPLE442"	0.999998225647988	1	310.157793455679	444.496982444433	187.345224099889	1.37893729390392e-22
"SAMPLE499"	0.999998235874886	1	308.276940149589	460.259384286349	173.463675564063	3.66082199241244e-22
"SAMPLE527"	0.999998235874886	1	243.877770136936	533.536774783482	164.585455079582	1.23845883310724e-20
"SAMPLE970"	0.999998235874886	1	319.206902523992	449.284076291633	173.509021184375	1.67405987694573e-22
"SAMPLE52"	0.999998266917635	1	353.947748699067	430.106238565506	157.946012735427	3.15753869234195e-21
"SAMPLE607"	0.999998266917635	1	229.534276619286	579.459513922186	133.006209458527	5.47449905831486e-21
"SAMPLE207"	0.999998287925471	1	323.83594290292	452.625709113621	165.538347983459	1.02321622898269e-20
"SAMPLE962"	0.999998287925471	1	283.486922716213	500.441128381497	158.071948902289	4.7869342428994e-22
"SAMPLE606"	0.999998298526653	1	359.055895084801	409.047106954903	173.896997960296	4.38441838888846e-23
"SAMPLE789"	0.999998298526653	1	274.847264047109	507.980260524	159.172475428891	2.65445973246354e-23
"SAMPLE634"	0.999998352555516	1	286.761082603438	516.477991749658	138.760925646903	0
"SAMPLE711"	0.999998352555516	1	356.675050022861	417.226115172609	168.098834804529	2.10884009246878e-22
"SAMPLE419"	0.999998374669868	1	204.193634120408	605.035934639872	132.770431239719	0
"SAMPLE564"	0.999998374669868	1	270.662497173098	544.689199106581	126.648303720321	1.20599398186103e-25
"SAMPLE678"	0.999998374669868	1	364.369359866447	382.859336257296	194.771303876258	1.10324004795419e-23
"SAMPLE322"	0.999998385840654	1	347.719367372193	439.800917439683	154.479715188124	1.57081096516281e-20
"SAMPLE594"	0.999998385840654	1	269.775884506403	520.268579541909	151.955535951687	1.68478578916199e-22
"SAMPLE184"	0.999998397089288	1	373.604989333324	414.472246219947	153.922764446729	3.81501335970192e-27
"SAMPLE416"	0.999998397089288	1	243.525843562178	556.683037923054	141.791118514767	1.28638138539122e-21
"SAMPLE638"	0.999998408417421	1	315.322208880799	467.935047167077	158.742743952124	4.71037481410628e-25
"SAMPLE258"	0.999998419826762	1	299.935302779761	474.538644018339	167.5260532019	5.73686087025249e-25
"SAMPLE263"	0.999998419826762	1	295.709317482343	502.891612521966	143.399069995691	4.74666263681912e-21
"SAMPLE278"	0.999998419826762	1	261.490280483209	535.77075584877	144.738963668021	0
"SAMPLE896"	0.999998419826762	1	312.757082554503	485.469496130729	143.773421314768	3.440900481988e-20
"SAMPLE887"	0.999998431319084	1	312.24642534046	463.499922652459	166.253652007081	2.68270842986936e-23
"SAMPLE235"	0.999998442896223	1	388.520390074448	379.694705700825	173.784904224727	6.95240333741794e-23
"SAMPLE363"	0.999998466312651	1	290.475163349167	504.983146528171	146.541690122663	1.35246292199293e-22
"SAMPLE781"	0.999998466312651	1	321.651640606765	481.537054594351	138.811304798884	1.37973803236127e-21
"SAMPLE414"	0.999998478155974	1	261.576856617871	523.163245965445	157.259897416684	5.06272086718799e-22
"SAMPLE327"	0.99999849009219	1	343.556116335257	434.417929068886	164.025954595857	4.7705673902688e-20
"SAMPLE618"	0.99999849009219	1	294.36058265994	489.91929647644	157.720120863621	7.98191607917207e-59
"SAMPLE922"	0.99999849009219	1	250.822939819672	529.888514151227	161.288546029101	1.12713690552344e-20
"SAMPLE524"	0.999998502123519	1	332.714477459565	463.794030489769	145.491492050667	1.50160084336021e-26
"SAMPLE636"	0.999998502123519	1	320.668160376655	453.31257166542	168.019267957925	4.53994606248211e-22
"SAMPLE90"	0.999998538811779	1	317.325699568025	469.156099806216	155.518200625759	3.73618752839012e-27
"SAMPLE463"	0.999998551247649	1	354.807712083134	436.266029226747	150.92625869012	6.27775153682679e-24
"SAMPLE56"	0.999998551247649	1	302.098562611	487.445893082583	152.455544306417	0
"SAMPLE907"	0.999998551247649	1	347.793859673089	444.632131287795	149.574009039116	2.38037198240118e-25
"SAMPLE987"	0.999998551247649	1	217.282511213926	559.846897256203	164.870591529871	1.44289141596489e-21
"SAMPLE917"	0.999998563791196	1	330.883637288956	449.015889014649	162.100473696395	7.46014243184394e-27
"SAMPLE167"	0.999998576445264	1	289.430804618816	513.381669533985	139.187525847198	7.13942048824704e-22
"SAMPLE25"	0.999998576445264	1	428.027487601467	333.323092558622	180.649419839912	7.35535322707738e-21
"SAMPLE877"	0.999998576445264	1	317.658674367767	472.112421501322	152.228904130911	1.49207958068405e-26
"SAMPLE220"	0.999998589212829	1	377.668330200695	382.731305437722	181.600364361582	4.75614692096162e-24
"SAMPLE668"	0.999998589212829	1	356.163589405106	427.903180082249	157.933230512645	7.23561062191406e-43
"SAMPLE954"	0.999998589212829	1	343.152785948485	446.962787099295	151.88442695222	2.4924946018239e-24
"SAMPLE413"	0.999998628228333	1	328.21047331706	434.083963181665	179.705563501275	1.84593419164659e-27
"SAMPLE965"	0.999998628228333	1	326.120459033108	457.936465579835	157.943075387057	1.821798997463e-22
"SAMPLE301"	0.999998641482476	1	302.896106355918	481.723239314449	157.380654329633	0
"SAMPLE526"	0.999998641482476	1	279.699274849267	505.645673421971	156.655051728762	4.520693645096e-22
"SAMPLE695"	0.999998641482476	1	348.47179281376	426.62055682414	166.9076503621	3.72454230510733e-27
"SAMPLE73"	0.999998641482476	1	284.392384687397	494.658907113958	162.948708198645	5.17778448845027e-21
"SAMPLE569"	0.999998654867212	1	363.087613012656	379.418220664017	199.494166323326	0
"SAMPLE617"	0.999998654867212	1	281.063714999122	508.991565722053	151.944719278826	0
"SAMPLE879"	0.999998654867212	1	386.016974839557	387.038200006228	168.944825154215	0
"SAMPLE666"	0.999998668386477	1	350.539282494488	442.032200846741	149.428516658771	9.541772479837e-25
"SAMPLE734"	0.999998668386477	1	266.144226746928	535.749766093218	140.106007159854	6.11632518474236e-16
"SAMPLE660"	0.999998682044413	1	421.997399233588	352.082826832525	167.919773933887	9.67429947685496e-22
"SAMPLE743"	0.999998682044413	1	359.157926755372	404.387188188802	178.454885055825	2.93914519080145e-26
"SAMPLE71"	0.999998695845375	1	263.291545541967	520.437724471392	158.270729986642	1.52218750656003e-22
"SAMPLE100"	0.999998709793954	1	271.209929114832	518.022664989388	152.767405895781	4.28284462432002e-22
"SAMPLE453"	0.999998709793954	1	355.246393770445	438.582153591193	148.171452638362	3.02597675928616e-26
"SAMPLE570"	0.999998709793954	1	367.201854083257	396.218084647451	178.580061269292	4.16565371342367e-20
"SAMPLE972"	0.999998709793954	1	283.772241243933	509.193099394186	149.034659361882	0
"SAMPLE164"	0.99999872389499	1	404.030255145782	370.404137409423	167.565607444794	4.87111825502396e-23
"SAMPLE551"	0.99999872389499	1	376.273143385015	392.077127261941	173.649729353044	1.2017727448388e-21
"SAMPLE923"	0.99999872389499	1	379.510439334165	399.49980198017	162.989758685665	2.55977922275315e-18
"SAMPLE31"	0.999998738153594	1	390.242639447019	382.146234956014	169.611125596967	7.5027479633589e-27
"SAMPLE715"	0.999998738153594	1	333.149024634929	435.938991496247	172.911983868824	8.1158555689541e-22
"SAMPLE81"	0.999998752575169	1	217.141670467614	592.69041946566	132.167910066726	2.09229497775952e-21
"SAMPLE746"	0.999998767165435	1	363.878839561691	430.454471747472	147.666688690837	1.85892403692812e-21
"SAMPLE547"	0.999998781930454	1	311.399232102242	492.005871043965	138.594896853792	7.42785146470312e-27
"SAMPLE830"	0.999998781930454	1	360.42551679136	409.073311649911	172.501171558729	3.754479594149e-27
"SAMPLE811"	0.999998796876658	1	260.142737326596	514.560815544194	167.29644712921	4.1190690098444e-23
"SAMPLE134"	0.999998812010888	1	286.154295876482	511.409322258196	144.436381865322	1.65851404330709e-21
"SAMPLE449"	0.999998812010888	1	444.910921901743	356.141895298831	140.947182799425	0
"SAMPLE835"	0.999998812010888	1	378.388792946823	404.545999137933	159.065207915245	1.49501155912228e-26
"SAMPLE123"	0.999998827340422	1	306.32571154971	470.527693761795	165.146594688496	6.14865754886828e-23
"SAMPLE266"	0.999998827340422	1	291.198577411819	492.277288187506	158.524134400675	5.81702924972005e-21
"SAMPLE481"	0.999998827340422	1	319.000794682742	452.410487536158	170.5887177811	3.286002208947e-22
"SAMPLE834"	0.999998827340422	1	385.238416184458	397.302302700277	159.459281115265	6.05465979686225e-24
"SAMPLE864"	0.999998827340422	1	319.612886418911	446.013443432818	176.373670148271	1.81525391021252e-22
"SAMPLE455"	0.999998842873023	1	307.104084310593	459.371872202376	175.524043487031	0
"SAMPLE324"	0.99999885861698	1	218.067550137961	556.267205321036	167.665244541003	5.86189757313168e-26
"SAMPLE84"	0.99999885861698	1	270.499390410133	509.846715846038	161.653893743829	3.6281984373246e-22
"SAMPLE12"	0.999998874581165	1	339.975317856544	416.959832490818	185.064849652639	1.46874011845374e-26
"SAMPLE150"	0.999998874581165	1	292.164289518252	490.49720784151	159.338502640238	1.66700504875489e-22
"SAMPLE330"	0.999998874581165	1	430.237679148996	353.911983602877	157.850337248127	4.60510924020173e-26
"SAMPLE609"	0.999998890775087	1	330.525911093464	433.417925468602	178.056163437934	1.61800191410473e-22
"SAMPLE748"	0.999998890775087	1	318.654650262013	461.288730330523	162.056619407464	3.02275071180299e-21
"SAMPLE998"	0.999998890775087	1	315.683293225089	465.840272186891	160.476434588021	0
"SAMPLE137"	0.999998907208957	1	352.701818301887	436.81405726776	152.484124430353	5.92341911271882e-23
"SAMPLE144"	0.999998907208957	1	229.156316068136	570.51691185561	142.326772076254	1.7170146304819e-21
"SAMPLE306"	0.999998907208957	1	330.843498464001	461.050341486847	150.106160049152	8.45669545034403e-22
"SAMPLE795"	0.999998907208957	1	361.506947702258	405.08405196108	175.409000336661	0
"SAMPLE952"	0.999998907208957	1	345.836331973646	429.75479241615	166.408875610205	1.30407362239196e-22
"SAMPLE994"	0.999998907208957	1	256.643451823846	528.080421762807	157.276126413347	6.61308409748869e-23
"SAMPLE126"	0.999998923893769	1	391.312007772579	378.080567934795	172.607424292627	3.00463916248738e-23
"SAMPLE299"	0.999998923893769	1	296.63739186494	482.198058568313	163.164549566747	0
"SAMPLE514"	0.999998940841383	1	326.184915070103	457.744040413678	158.071044516219	2.14730545370514e-22
"SAMPLE657"	0.999998940841383	1	321.422028972671	468.316076822723	152.261894204606	1.00530216614743e-22
"SAMPLE740"	0.999998940841383	1	349.948574752209	424.267626750993	167.783798496799	1.82725062690008e-23
"SAMPLE985"	0.999998940841383	1	281.168481904107	483.199120335907	177.632397759985	4.03472894644107e-23
"SAMPLE172"	0.999998958064622	1	320.361030715409	444.87971180224	176.759257482351	1.19921627124585e-20
"SAMPLE232"	0.999998958064622	1	333.707385719934	440.625905702852	167.666708577214	9.35886488046919e-17
"SAMPLE451"	0.999998958064622	1	312.969931997695	469.662589838724	159.367478163581	7.04037248718064e-26
"SAMPLE643"	0.999998958064622	1	276.161652228283	518.507024721691	147.331323050026	1.49054995001197e-26
"SAMPLE649"	0.999998958064622	1	304.24353159955	503.747623207509	134.00884519294	3.69531865188226e-27
"SAMPLE790"	0.999998958064622	1	302.306046756332	502.391849171291	137.302104072377	0
"SAMPLE937"	0.999998958064622	1	314.553232871717	434.430644892901	193.016122235383	9.39324680219966e-28
"SAMPLE245"	0.999998975577388	1	297.189415850611	479.109582969207	165.701001180183	0
"SAMPLE345"	0.999998975577388	1	314.708530617743	472.89099400697	154.400475375287	8.83599026290848e-22
"SAMPLE39"	0.999998975577388	1	371.014353306237	431.149817409655	139.835829284108	6.58075144227908e-22
"SAMPLE993"	0.999998975577388	1	312.941790728084	487.655121453577	141.403087818339	7.51495855267245e-21
"SAMPLE18"	0.999998993394793	1	375.50581574362	404.593643649262	161.900540607118	1.47278510716688e-20
"SAMPLE427"	0.999998993394793	1	268.592846490812	516.039386018806	157.367767490382	3.93994089791461e-22
"SAMPLE710"	0.999998993394793	1	275.916435026196	497.492350993459	168.591213980345	3.74351824703349e-27
"SAMPLE814"	0.999998993394793	1	352.646841437433	417.898893318118	171.454265244449	0
"SAMPLE865"	0.999998993394793	1	257.468649915493	559.858630970277	124.67271911423	5.96171900314999e-26
"SAMPLE508"	0.99999901153331	1	383.351736666632	397.873002458952	160.775260874416	1.287465298133e-21
"SAMPLE670"	0.99999901153331	1	311.864389950614	472.050285413871	158.085324635516	1.2048646381483e-21
"SAMPLE166"	0.999999030010952	1	385.105408601344	403.96470198688	152.929889411776	0
"SAMPLE198"	0.999999030010952	1	353.823819185907	415.017170138505	173.159010675588	1.75024510426236e-26
"SAMPLE239"	0.999999030010952	1	351.822815434563	431.877551949329	158.299632616108	3.21435866451097e-22
"SAMPLE315"	0.999999030010952	1	351.607681437687	424.697783629506	165.694534932807	2.97347975874474e-26
"SAMPLE316"	0.999999030010952	1	353.148296803266	426.475037807397	162.376665389337	1.11410410948563e-23
"SAMPLE334"	0.999999030010952	1	238.912403693436	549.186119270603	153.901477035961	3.75613566420211e-20
"SAMPLE719"	0.999999030010952	1	300.129509218638	477.988501987565	163.881988793797	9.69002212614562e-22
"SAMPLE749"	0.999999030010952	1	226.929594382184	554.916022267541	160.154383350275	0
"SAMPLE867"	0.999999030010952	1	366.902374137539	421.39109062707	153.706535235392	3.55925929057689e-22
"SAMPLE914"	0.999999030010952	1	251.543477999512	519.643539386356	170.812982614132	7.51102335083574e-27
"SAMPLE969"	0.999999030010952	1	328.475609484381	438.145173860308	175.379216655311	1.0533032873942e-21
"SAMPLE125"	0.999999048847484	1	212.521302948253	589.263606859079	140.215090192668	3.81001024910152e-21
"SAMPLE231"	0.999999048847484	1	330.400968271501	473.653667735038	137.945363993461	1.98543766480396e-23
"SAMPLE294"	0.999999048847484	1	286.331136095619	490.861967833064	164.806896071317	7.51143574040174e-27
"SAMPLE358"	0.999999048847484	1	460.746283639094	327.215323629932	154.038392730974	8.88335266381458e-22
"SAMPLE549"	0.999999048847484	1	352.344334987042	426.168528615918	163.48713639704	3.51331103606079e-23
"SAMPLE563"	0.999999048847484	1	363.882006214715	432.127387955757	145.990605829528	2.47525611665929e-22
"SAMPLE727"	0.999999048847484	1	297.91098509722	489.553765168525	154.535249734255	1.87502430519135e-27
"SAMPLE159"	0.999999068064667	1	334.287686185948	447.297928894854	160.414384919198	3.75781253416698e-27
"SAMPLE396"	0.999999068064667	1	322.03358887496	462.849418853721	157.116992271319	8.28703951031583e-23
"SAMPLE517"	0.999999068064667	1	282.97674383617	505.586019001312	153.437237162517	6.99818219421248e-24
"SAMPLE592"	0.999999068064667	1	355.277293224558	431.765514403374	154.957192372069	0
"SAMPLE761"	0.999999068064667	1	345.905313798837	436.519023789658	159.575662411505	1.78107781067282e-23
"SAMPLE182"	0.999999087686556	1	339.628418676495	449.788457920747	152.583123402759	2.96866142040678e-20
"SAMPLE247"	0.999999087686556	1	306.672273076143	487.768349991126	147.559376932731	1.87521515400371e-27
"SAMPLE401"	0.999999087686556	1	354.657378212393	429.07681520631	158.265806581298	1.9218405701519e-23
"SAMPLE560"	0.999999087686556	1	327.184466429268	458.039715890088	156.775817680643	1.435933785153e-42
"SAMPLE630"	0.999999087686556	1	439.500927701163	319.256324621023	183.242747677814	1.32365264395824e-22
"SAMPLE724"	0.999999087686556	1	233.651825747248	560.376690557362	147.97148369539	0
"SAMPLE956"	0.999999087686556	1	307.471909147714	474.738950878756	159.789139973531	9.73376834961396e-25
"SAMPLE961"	0.999999087686556	1	303.749632588909	483.804235489818	154.446131921272	9.76254258570867e-25
"SAMPLE121"	0.999999107739849	1	280.94994752016	493.495665721846	167.554386757993	2.35849799676495e-35
"SAMPLE581"	0.999999107739849	1	323.123182926141	466.476476569261	152.400340504599	1.88491698851171e-23
"SAMPLE742"	0.999999107739849	1	368.562326293211	405.51884522515	167.918828481639	0
"SAMPLE773"	0.999999107739849	1	292.170769607628	508.831606040922	140.997624351449	5.75941398891575e-25
"SAMPLE778"	0.999999107739849	1	379.584979014481	392.86714889838	169.547872087139	4.30990223344034e-23
"SAMPLE808"	0.999999107739849	1	286.683038524654	509.727357472673	145.589604002673	7.65510455701242e-24
"SAMPLE819"	0.999999107739849	1	373.885011787526	400.898121567088	167.216866645387	1.87818767648447e-27
"SAMPLE916"	0.999999107739849	1	327.646790989592	439.690862503619	174.662346506788	1.60539296974918e-21
"SAMPLE217"	0.999999128254319	1	327.301527313107	424.621393294242	190.07707939265	3.49324870929264e-22
"SAMPLE259"	0.999999128254319	1	343.694791732264	433.677375464344	164.627832803392	9.39903486149264e-21
"SAMPLE342"	0.999999128254319	1	319.597540366461	463.026916406768	159.375543226771	3.84860711978891e-21
"SAMPLE489"	0.999999128254319	1	308.531915932573	452.603713645394	180.864370422033	3.50936655819087e-21
"SAMPLE491"	0.999999128254319	1	342.806025457141	439.867816096763	159.326158446096	3.71288349957767e-27
"SAMPLE848"	0.999999128254319	1	357.557769031507	419.446721167766	164.995509800727	2.29573020384096e-21
"SAMPLE854"	0.999999128254319	1	309.944014388336	468.172287991639	163.883697620026	3.41439371111666e-24
"SAMPLE933"	0.999999128254319	1	413.15602369588	394.444400387099	134.399575917021	2.62063634475534e-23
"SAMPLE50"	0.999999149263327	1	233.422015276409	584.83844012419	123.7395445994	3.58346899361006e-21
"SAMPLE705"	0.999999149263327	1	261.540104297739	560.392905188486	120.066990513776	1.91772328223243e-23
"SAMPLE76"	0.999999149263327	1	364.261571877486	433.198222240023	144.540205882491	2.19795331468812e-18
"SAMPLE308"	0.99999917080446	1	355.282575179273	432.038321852714	154.679102968013	7.34971780367326e-21
"SAMPLE470"	0.99999917080446	1	328.630598104551	471.100339615096	142.269062280354	6.71781115966151e-23
"SAMPLE501"	0.99999917080446	1	339.101463555699	449.203713476056	153.694822968245	1.69270436344763e-22
"SAMPLE509"	0.99999917080446	1	371.11026018737	406.955521305032	163.934218507598	1.47009868950864e-21
"SAMPLE587"	0.99999917080446	1	342.894863895333	444.568359394556	154.536776710111	0
"SAMPLE675"	0.99999917080446	1	406.532672100061	353.614493147934	181.852834752005	0
"SAMPLE804"	0.99999917080446	1	262.416790913886	523.586898935969	155.996310150145	4.2009749777075e-22
"SAMPLE895"	0.99999917080446	1	400.905003720878	374.313329325767	166.781666953355	1.10820258137422e-21
"SAMPLE30"	0.999999192920327	1	331.085801161329	420.997978979111	189.91621985956	7.62923517189486e-23
"SAMPLE336"	0.999999192920327	1	363.582925210024	425.207215129477	153.209859660499	0
"SAMPLE844"	0.999999192920327	1	270.701792650401	523.783935573247	147.514271776352	5.10151355098532e-24
"SAMPLE142"	0.999999215659542	1	282.432262542159	493.509391377507	166.058346080333	0
"SAMPLE187"	0.999999215659542	1	298.066881863752	488.159195236063	155.773922900184	1.16605540375832e-21
"SAMPLE277"	0.999999215659542	1	275.001753370267	513.994552838589	153.003693791143	3.93544607801932e-22
"SAMPLE553"	0.999999215659542	1	292.064051987003	503.299615007104	146.636333005893	4.59448629485709e-21
"SAMPLE584"	0.999999215659542	1	352.436148608096	429.359475931945	160.204375459959	1.44430961990779e-22
"SAMPLE754"	0.999999215659542	1	339.396350425947	441.765353685941	160.838295888112	2.46017114458057e-20
"SAMPLE759"	0.999999215659542	1	313.111327193244	476.206502197004	152.682170609753	1.20739418650644e-20
"SAMPLE901"	0.999999215659542	1	282.900359505098	494.529414333539	164.570226161363	6.35569281471561e-20
"SAMPLE938"	0.999999215659542	1	372.97276513061	399.599329272847	169.427905596542	2.82754309242544e-22
"SAMPLE155"	0.999999239077987	1	271.016095808413	501.324088511937	169.65981567965	0
"SAMPLE841"	0.999999239077987	1	320.306314347078	480.861265760758	140.832419892164	7.51713359511815e-27
"SAMPLE38"	0.999999263240429	1	322.72141764994	474.461526029558	144.817056320502	0
"SAMPLE389"	0.999999263240429	1	341.388895371618	416.852027465286	183.759077163096	4.44867121477435e-26
"SAMPLE5"	0.999999263240429	1	260.913134352615	508.764984334358	172.321881313027	3.75869426184969e-27
"SAMPLE752"	0.999999263240429	1	287.74805373473	487.644717086459	166.607229178811	0
"SAMPLE847"	0.999999263240429	1	280.24388612636	516.199059377964	145.557054495676	4.48159296812454e-23
"SAMPLE92"	0.999999263240429	1	284.411337198839	495.235511201445	162.353151599716	7.59911029702492e-22
"SAMPLE128"	0.999999288222632	1	304.329368866699	445.456485429305	192.214145703996	3.21789075847715e-21
"SAMPLE355"	0.999999288222632	1	342.812163325308	459.27908023437	139.908756440322	0
"SAMPLE522"	0.999999288222632	1	283.791408826886	528.703891290248	129.504699882866	4.25371203379984e-23
"SAMPLE525"	0.999999288222632	1	327.971324658559	469.186355900442	144.842319440999	7.50987932864314e-27
"SAMPLE57"	0.999999288222632	1	265.761316007748	525.927561094772	150.31112289748	0
"SAMPLE831"	0.999999288222632	1	331.054275859998	473.696746351583	137.248977788418	5.96632500401757e-22
"SAMPLE852"	0.999999288222632	1	418.832470939686	357.978484715288	165.189044345026	3.75142772539124e-27
"SAMPLE932"	0.999999288222632	1	262.012513722981	505.51974227175	174.467744005269	2.48228294563942e-22
"SAMPLE147"	0.999999314114166	1	335.004151607789	467.266595093893	139.729253298318	3.70191121733315e-27
"SAMPLE20"	0.999999314114166	1	258.779636178475	501.833379329112	181.386984492413	1.75258502121369e-21
"SAMPLE255"	0.999999314114166	1	297.273786911665	490.722822371683	154.003390716652	1.50371015634419e-26
"SAMPLE290"	0.999999314114166	1	357.319286561167	440.401391763326	144.279321675507	2.58720140202873e-21
"SAMPLE34"	0.999999314114166	1	316.63346503623	468.938355046557	156.428179917213	0
"SAMPLE473"	0.999999314114166	1	300.010395672742	461.793193386846	180.196410940412	2.25942964784317e-22
"SAMPLE692"	0.999999314114166	1	389.978105249608	387.846799696248	164.175095054144	2.58465311491659e-21
"SAMPLE712"	0.999999314114166	1	368.626959418456	403.584822710725	169.78821787082	0
"SAMPLE772"	0.999999314114166	1	308.850211611323	476.539535449185	156.610252939492	1.881481939306e-27
"SAMPLE78"	0.999999314114166	1	343.270385210047	450.327871172417	148.401743617536	0
"SAMPLE194"	0.999999341022206	1	232.938798753671	528.576464773504	180.484736472825	0
"SAMPLE4"	0.999999341022206	1	355.625033388636	396.533638353638	189.841328257726	0
"SAMPLE586"	0.999999341022206	1	288.984616331411	484.024111771529	168.99127189706	3.74359547148727e-27
"SAMPLE912"	0.999999341022206	1	336.721464255357	458.30223487354	146.976300871102	4.90633736442375e-19
"SAMPLE940"	0.999999341022206	1	396.187096989985	379.780296566333	166.032606443682	1.92550606084452e-23
"SAMPLE205"	0.999999369076797	1	353.044541609534	425.318848471376	163.63660991909	1.5095259874967e-21
"SAMPLE208"	0.999999369076797	1	322.467118684564	463.075239385021	156.457641930415	0
"SAMPLE230"	0.999999369076797	1	271.211651639387	482.597727263508	188.190621097105	0
"SAMPLE320"	0.999999369076797	1	337.305582453898	429.626145046786	175.068272499316	6.98281708275884e-23
"SAMPLE421"	0.999999369076797	1	366.74794426879	416.467207350909	158.784848380301	1.09343747229697e-19
"SAMPLE447"	0.999999369076797	1	256.067953159473	527.730901656514	158.201145184013	3.70797731011824e-22
"SAMPLE472"	0.999999369076797	1	248.821371581217	531.255141523748	161.923486895035	0
"SAMPLE714"	0.999999369076797	1	320.704344062307	468.993875902443	152.30178003525	8.60265951619528e-22
"SAMPLE779"	0.999999369076797	1	350.7061404297	428.849836645789	162.44402292451	3.316100162014e-22
"SAMPLE812"	0.999999369076797	1	446.300721515488	345.923090253825	149.776188230687	1.44183074354799e-21
"SAMPLE816"	0.999999369076797	1	341.594140482966	454.578047758731	145.827811758303	1.87576400944325e-27
"SAMPLE886"	0.999999369076797	1	370.424385734984	415.059985458473	156.515628806543	6.4376102230566e-22
"SAMPLE898"	0.999999369076797	1	307.971606257808	456.117187311201	177.911206430991	2.83649267851521e-27
"SAMPLE176"	0.999999398438329	1	332.731860509567	441.009621031334	168.258518459099	0
"SAMPLE3"	0.999999398438329	1	358.166439941435	429.97738746113	153.856172597435	0
"SAMPLE323"	0.999999398438329	1	405.690217707561	391.318635188923	144.991147103516	5.98550644471669e-26
"SAMPLE462"	0.999999398438329	1	320.018824335396	471.850912849663	150.130262814941	0
"SAMPLE492"	0.999999398438329	1	228.950811927748	564.373187497385	148.676000574867	1.49505713014736e-26
"SAMPLE621"	0.999999398438329	1	300.644901142378	494.528172471059	146.826926386563	3.75080722974959e-22
"SAMPLE723"	0.999999398438329	1	314.089356602206	455.144205445569	172.766437952224	2.29458001770117e-24
"SAMPLE908"	0.999999398438329	1	379.053108516639	405.704352607818	157.242538875543	7.01191126175227e-21
"SAMPLE945"	0.999999398438329	1	303.683610834901	465.567006320098	172.749382845001	1.78482234423376e-22
"SAMPLE96"	0.999999398438329	1	366.081026553837	420.021819001893	155.89715444427	0
"SAMPLE973"	0.999999398438329	1	259.825310543932	545.868223412723	136.306466043345	1.13457588410099e-21
"SAMPLE111"	0.99999942930849	1	333.163271112451	440.535126063302	168.301602824246	7.48954163318575e-27
"SAMPLE375"	0.99999942930849	1	344.237885385697	438.58776725821	159.174347356094	1.05289865285048e-23
"SAMPLE376"	0.99999942930849	1	257.406858951675	524.834890498829	159.758250549496	3.65184710775437e-21
"SAMPLE417"	0.99999942930849	1	325.003592948916	459.579800394925	157.41660665616	6.76553114527326e-22
"SAMPLE567"	0.99999942930849	1	373.458157592262	403.402261200144	165.139581207593	3.76848533765404e-27
"SAMPLE825"	0.99999942930849	1	279.6435993585	505.235211207533	157.121189433967	2.39452782138047e-25
"SAMPLE204"	0.999999461946885	1	378.961692552273	400.335183466375	162.703123981352	9.43492804689054e-28
"SAMPLE523"	0.999999461946885	1	282.371401949259	511.816808920331	147.81178913041	3.75610521709608e-27
"SAMPLE576"	0.999999461946885	1	345.073840968616	442.016529322846	154.909629708539	7.47965933055004e-27
"SAMPLE589"	0.999999461946885	1	261.222624754822	529.140886690947	151.636488554231	1.33777126035677e-22
"SAMPLE849"	0.999999461946885	1	396.954167882116	371.860490973662	173.185341144222	1.26673649034195e-21
"SAMPLE882"	0.999999461946885	1	334.714856897043	461.394698850863	145.890444252094	7.99391294771483e-23
"SAMPLE936"	0.999999461946885	1	358.222537194664	423.80386589127	159.973596914066	7.50647070781713e-27
"SAMPLE102"	0.999999496697397	1	347.362451401605	386.518538527188	208.119010071206	1.25430616359395e-21
"SAMPLE168"	0.999999496697397	1	278.993273149706	509.691640286886	153.315086563408	1.87300725022453e-27
"SAMPLE19"	0.999999496697397	1	312.364816221079	467.738409102657	161.896774676264	1.83829444577894e-21
"SAMPLE279"	0.999999496697397	1	319.177934121996	459.122766904435	163.699298973569	2.04473461220546e-22
"SAMPLE288"	0.999999496697397	1	374.602021017687	398.787475006418	168.610503975895	3.38660839335498e-22
"SAMPLE326"	0.999999496697397	1	256.786808900598	528.621922847257	156.591268252145	0
"SAMPLE475"	0.999999496697397	1	260.874917514607	513.752205174159	167.372877311234	6.09397359631949e-23
"SAMPLE687"	0.999999496697397	1	262.004870048838	523.213183783622	156.781946167539	5.32208083689807e-22
"SAMPLE755"	0.999999496697397	1	258.666979440462	544.638566210274	138.694454349264	4.04331750511702e-22
"SAMPLE77"	0.999999496697397	1	379.152621842216	409.044853253516	153.802524904268	1.26850413955915e-22
"SAMPLE80"	0.999999496697397	1	199.564859640582	580.696556354181	161.738584005237	9.16217362475302e-22
"SAMPLE138"	0.999999534032333	1	349.939111574047	441.367953317273	150.69293510868	2.68164319890243e-23
"SAMPLE357"	0.999999534032333	1	373.825331551097	400.397378392891	167.777290056012	1.86762769685679e-26
"SAMPLE858"	0.999999534032333	1	334.541454005612	449.137761257449	158.320784736939	0
"SAMPLE93"	0.999999534032333	1	201.502753215159	598.101944405531	142.395302379311	5.51364675194482e-21
"SAMPLE822"	0.999999574631663	1	258.270567840401	524.143489622064	159.585942537535	1.92976394913239e-21
"SAMPLE828"	0.999999574631663	1	285.851583309856	484.250007376345	171.8984093138	7.40761354893636e-27
"SAMPLE837"	0.999999574631663	1	246.948038133498	550.829245089354	144.222716777148	3.02465455357732e-26
"SAMPLE881"	0.999999574631663	1	315.574153891942	465.991271383966	160.434574724092	8.40819556916193e-22
"SAMPLE981"	0.999999574631663	1	334.59558966605	449.079112274255	158.325298059695	1.70232543115663e-21
"SAMPLE149"	0.999999619538993	1	327.745643877712	451.079964228519	163.174391893769	1.57951220144264e-22
"SAMPLE156"	0.999999619538993	1	380.517037076264	406.25036288182	155.232600041917	3.31078259124642e-24
"SAMPLE270"	0.999999619538993	1	338.79271287121	431.015772419534	172.191514709256	6.67837611694493e-23
"SAMPLE28"	0.999999619538993	1	365.387312172519	416.212606802173	160.400081025308	8.01901715905435e-24
"SAMPLE476"	0.999999619538993	1	320.59032157458	475.231812958042	146.177865467378	3.76614583316038e-27
"SAMPLE53"	0.999999619538993	1	308.557687103293	474.580867510527	158.86144538618	3.00223147305226e-26
"SAMPLE976"	0.999999619538993	1	331.242647749323	437.412036115836	173.345316134841	0
"SAMPLE108"	0.999999670511103	1	319.370357809518	460.22990103071	162.399741159772	9.90726335904148e-22
"SAMPLE165"	0.999999670511103	1	335.88247837379	424.68132921791	181.436192408299	3.13323449357252e-22
"SAMPLE193"	0.999999670511103	1	324.963723459854	463.183508785391	153.852767754756	1.51613631293616e-26
"SAMPLE214"	0.999999670511103	1	351.381374092613	426.174898112067	164.44372779532	7.47008994837935e-27
"SAMPLE388"	0.999999670511103	1	235.992840186472	537.783992325127	168.223167488401	2.64044078545842e-23
"SAMPLE410"	0.999999670511103	1	301.317357155143	456.205245898194	184.477396946662	1.33949217161207e-20
"SAMPLE433"	0.999999670511103	1	230.441884305109	561.991009579748	149.567106115143	5.91979828041569e-23
"SAMPLE698"	0.999999730973442	1	404.038048740826	376.450128083983	161.511823175191	6.98486939226329e-23
"SAMPLE82"	0.999999730973442	1	297.274233032881	479.969196789694	164.756570177425	3.50628317694708e-25
"SAMPLE869"	0.999999730973442	1	231.596297591393	569.611585569986	140.79211683862	8.68290198145016e-21
"SAMPLE870"	0.999999730973442	1	309.79902174154	479.459206535459	152.741771723	4.6387411762623e-22
"SAMPLE133"	0.999999809769497	1	353.565876225054	427.176959143293	161.257164631653	2.46788835713269e-22
"SAMPLE145"	0.999999809769497	1	384.513331974537	406.768785356718	150.717882668745	1.45194396543849e-21
"SAMPLE202"	0.999999809769497	1	303.801967463444	443.105700103082	195.092332433473	4.14955052825543e-21
"SAMPLE268"	0.999999809769497	1	247.699159751188	544.770495042996	149.530345205816	0
"SAMPLE325"	0.999999809769497	1	309.588446688436	455.943843836154	176.46770947541	1.92134172250823e-20
"SAMPLE41"	0.999999809769497	1	371.123770704937	389.514624904046	181.361604391017	2.98632936659751e-26
"SAMPLE428"	0.999999809769497	1	318.043200336393	462.680467412832	161.276332250774	9.74233219528266e-23
"SAMPLE479"	0.999999809769497	1	334.453681591153	451.043796286651	156.502522122196	1.36060363341098e-22
"SAMPLE513"	0.999999809769497	1	285.532252497691	492.620176655706	163.847570846603	0
"SAMPLE840"	0.999999809769497	1	327.815453031255	450.110679731642	164.073867237102	1.41324032502695e-25
"SAMPLE101"	1	1	367.385992950647	417.008842349571	157.605164699782	1.18524622668334e-22
"SAMPLE105"	1	1	290.79082821286	500.462142336737	150.747029450402	0
"SAMPLE112"	1	1	202.526129030396	598.825277528909	140.648593440695	2.38290357151413e-25
"SAMPLE114"	1	1	256.088345458832	516.288224515905	169.623430025263	2.06967933009194e-20
"SAMPLE118"	1	1	335.273299075247	451.023235840285	155.703465084469	0
"SAMPLE13"	1	1	376.914966291567	379.656321932346	185.428711776087	7.40999183403168e-27
"SAMPLE136"	1	1	264.14846047092	526.713706303232	151.137833225848	2.18851859898547e-21
"SAMPLE148"	1	1	335.0670814784	431.978751222723	174.954167298877	3.70233623402892e-27
"SAMPLE152"	1	1	416.600978331283	363.098307400264	162.300714268453	1.25738482393143e-22
"SAMPLE158"	1	1	275.019831743534	506.203183915397	160.776984341069	8.17310152010679e-22
"SAMPLE173"	1	1	279.650444920338	522.171082912631	140.17847216703	1.44957671925109e-20
"SAMPLE174"	1	1	387.843068166628	394.208880987146	159.948050846225	2.50720448432485e-23
"SAMPLE180"	1	1	322.602313939535	458.119611401415	161.27807465905	6.46175667668834e-23
"SAMPLE181"	1	1	334.474870910332	452.763986198292	154.761142891376	8.58088799281563e-22
"SAMPLE183"	1	1	326.398296420624	428.003390189491	187.598313389885	3.74190677295582e-27
"SAMPLE185"	1	1	327.874206523255	465.575603897021	148.550189579724	6.88867377437871e-21
"SAMPLE190"	1	1	313.007622780956	468.516920174866	160.475457044178	2.03013910104632e-20
"SAMPLE191"	1	1	318.872180656461	446.698124564488	176.429694779051	9.80834917667874e-23
"SAMPLE195"	1	1	302.070650875283	475.394737361484	164.534611763234	3.03196755759773e-26
"SAMPLE201"	1	1	292.506591450199	483.612732236217	165.880676313584	2.25554314700094e-21
"SAMPLE222"	1	1	264.503134116246	538.494850383776	139.002015499978	9.26722179328412e-28
"SAMPLE228"	1	1	314.381236693468	467.134579365089	160.484183941443	3.0514424862076e-26
"SAMPLE238"	1	1	305.946972171961	467.911594291743	168.141433536296	4.01229893981806e-22
"SAMPLE241"	1	1	413.138101098532	368.527971018554	160.333927882914	1.47909860728816e-26
"SAMPLE250"	1	1	302.781881698939	487.508087499596	151.710030801464	0
"SAMPLE253"	1	1	222.539167798333	575.742478422074	143.718353779593	0
"SAMPLE256"	1	1	394.994469783036	384.524919165305	162.480611051659	1.50526575489108e-21
"SAMPLE257"	1	1	306.094847060712	479.304494250499	156.600658688789	0
"SAMPLE260"	1	1	248.337190629526	559.628149995427	134.034659375047	3.67103587320435e-27
"SAMPLE261"	1	1	351.346901824043	442.565365816273	148.087732359684	4.82059730924195e-21
"SAMPLE262"	1	1	313.512136544926	486.188856201929	142.299007253145	9.53994865312883e-28
"SAMPLE265"	1	1	359.774255233038	402.984316724863	179.241428042099	2.99860456481543e-22
"SAMPLE273"	1	1	379.597351711707	404.578152631969	157.824495656324	2.34307024878944e-22
"SAMPLE281"	1	1	329.371180825984	450.549312743506	162.07950643051	0
"SAMPLE287"	1	1	334.788929844546	439.967993494483	167.243076660971	1.47372293486078e-26
"SAMPLE292"	1	1	324.857990216269	445.799522257994	171.342487525737	1.66331364354395e-22
"SAMPLE297"	1	1	334.560812145879	430.327348586524	177.111839267597	0
"SAMPLE317"	1	1	284.895816931512	504.199136895529	152.905046172959	2.98553597846907e-22
"SAMPLE328"	1	1	343.410581237126	420.864437307338	177.724981455536	5.99834447812256e-26
"SAMPLE33"	1	1	361.775064475233	405.778150124521	174.446785400246	3.70620392694067e-27
"SAMPLE331"	1	1	343.355856166526	446.795794591965	151.84834924151	2.92554380079024e-22
"SAMPLE332"	1	1	344.283946634017	428.000164246691	169.715889119292	2.53826388076733e-22
"SAMPLE347"	1	1	420.824404081396	359.117824118776	162.057771799828	1.05312941686454e-22
"SAMPLE348"	1	1	271.249444682548	515.838207047402	154.91234827005	1.45687003697962e-21
"SAMPLE350"	1	1	361.172450034975	437.213631421986	143.613918543039	1.51157699004313e-21
"SAMPLE352"	1	1	400.94648433555	369.042588801499	172.01092686295	0
"SAMPLE354"	1	1	248.909914269464	534.087961674492	159.002124056044	0
"SAMPLE362"	1	1	383.13373571244	413.92196450978	144.944299777781	9.18114106729796e-24
"SAMPLE364"	1	1	335.966553528902	463.906942903305	142.126503567792	2.25438693798531e-20
"SAMPLE369"	1	1	371.905170923217	395.579171177943	174.51565789884	3.27460228876981e-22
"SAMPLE370"	1	1	308.065088330584	479.330256301285	154.604655368131	3.69059358956559e-27
"SAMPLE372"	1	1	258.06489615941	527.125179963163	156.809923877427	2.87706543100515e-25
"SAMPLE373"	1	1	265.025521417104	507.606276919448	169.368201663447	0
"SAMPLE381"	1	1	315.426885779763	481.830881873905	144.742232346332	5.2401946369735e-23
"SAMPLE385"	1	1	266.478312883095	539.093042703871	136.428644413035	3.70128305067218e-27
"SAMPLE390"	1	1	309.366049160472	494.011639205297	138.622311634232	1.845124733829e-21
"SAMPLE392"	1	1	391.809447443316	378.420037618069	171.770514938615	1.61156919641323e-22
"SAMPLE395"	1	1	285.926301757026	503.016699306329	153.056998936646	0
"SAMPLE397"	1	1	367.3600787486	425.772550916641	148.86737033476	2.29944508942469e-23
"SAMPLE405"	1	1	408.212924252055	367.250459039488	166.536616708456	0
"SAMPLE406"	1	1	242.768262189084	534.787556275336	164.44418153558	1.15868565917526e-38
"SAMPLE408"	1	1	284.623231360079	491.838663984058	165.538104655864	1.40372085095543e-21
"SAMPLE411"	1	1	353.819144551493	438.337703943676	149.843151504831	2.86675785256774e-22
"SAMPLE422"	1	1	325.64368507054	433.531509614678	182.824805314782	1.18137503028419e-38
"SAMPLE445"	1	1	365.352817233908	409.51596424357	167.131218522522	2.90943557486831e-22
"SAMPLE448"	1	1	302.332285936059	504.215896443592	135.451817620349	1.60292293081266e-20
"SAMPLE456"	1	1	376.624108641645	397.534349151166	167.841542207189	0
"SAMPLE457"	1	1	415.327917392782	381.087223241716	145.584859365501	0
"SAMPLE459"	1	1	310.974455616091	478.740910862145	152.284633521764	3.34751617498506e-23
"SAMPLE46"	1	1	362.22998866158	419.31663798279	160.45337335563	1.87687059099229e-23
"SAMPLE460"	1	1	337.288830907571	453.830316121191	150.880852971238	3.60717341927233e-24
"SAMPLE484"	1	1	245.446336516086	563.202553440935	133.351110042979	3.73323473499403e-27
"SAMPLE486"	1	1	349.273350739552	424.556817235117	168.16983202533	4.76605320424015e-23
"SAMPLE487"	1	1	427.533281234072	338.649429986137	175.817288779791	0
"SAMPLE490"	1	1	351.649570199388	412.402954437101	177.947475363511	1.71512273420442e-21
"SAMPLE503"	1	1	341.318803101599	472.302517494993	128.378679403409	1.65522711361053e-21
"SAMPLE504"	1	1	328.151188072729	452.129867601167	161.718944326104	1.88035262180019e-27
"SAMPLE507"	1	1	327.185319662858	450.391080131139	164.423600206003	6.97705415293498e-22
"SAMPLE51"	1	1	263.742404270607	520.134357409256	158.123238320136	1.6333688996218e-21
"SAMPLE512"	1	1	304.130226322064	494.418000554449	143.451773123487	2.94194361349623e-26
"SAMPLE515"	1	1	322.596677233451	452.929360108133	166.473962658416	5.94544726635128e-26
"SAMPLE516"	1	1	300.181239936149	484.844671230041	156.97408883381	9.33521634347371e-28
"SAMPLE529"	1	1	321.212461021923	464.860023381928	155.92751559615	0
"SAMPLE531"	1	1	355.343719938338	398.874796910603	187.781483151059	0
"SAMPLE539"	1	1	388.472154262557	374.830930513514	178.696915223929	0
"SAMPLE541"	1	1	296.293215791769	490.218130471707	155.488653736524	3.01948435950538e-26
"SAMPLE548"	1	1	344.343639317156	438.445914967061	159.210445715783	7.5029638937489e-27
"SAMPLE552"	1	1	403.699497432426	373.592774808803	164.70772775877	2.39541299482398e-21
"SAMPLE554"	1	1	205.257200862895	601.968703706179	134.774095430926	9.6534683778965e-24
"SAMPLE58"	1	1	303.701685255563	470.906432360875	167.391882383562	0
"SAMPLE590"	1	1	269.207015715609	507.092106219127	165.700878065264	8.03764361386082e-23
"SAMPLE591"	1	1	375.861502004913	426.103646409711	140.034851585376	0
"SAMPLE595"	1	1	207.877092336236	589.850494629223	144.272413034542	2.93840997347522e-26
"SAMPLE60"	1	1	316.512897484463	454.523974851777	170.96312766376	3.89601092353895e-21
"SAMPLE612"	1	1	334.475855928999	426.570588551752	180.953555519248	5.90344054452827e-21
"SAMPLE614"	1	1	380.977737932142	391.326804226747	169.695457841112	0
"SAMPLE616"	1	1	376.803021184778	386.349995307444	178.846983507778	7.75744552670104e-22
"SAMPLE622"	1	1	310.337787571486	468.134260365492	163.527952063022	0
"SAMPLE626"	1	1	230.295894789169	554.105257770857	157.598847439974	0
"SAMPLE641"	1	1	377.47970955612	424.102980515737	140.417309928143	1.91315193297103e-24
"SAMPLE644"	1	1	310.015854648164	472.891546147468	159.092599204368	8.41018705629996e-22
"SAMPLE648"	1	1	317.85265177909	467.426534334362	156.720813886548	1.0878961160766e-23
"SAMPLE650"	1	1	214.335586161845	580.650616504367	147.013797333788	1.13319432250994e-21
"SAMPLE652"	1	1	265.478694514988	497.489795261759	179.031510223253	9.71343691531929e-22
"SAMPLE653"	1	1	368.501540868945	406.950123311089	166.548335819966	7.49323569169183e-27
"SAMPLE66"	1	1	317.374382604356	446.341328088845	178.284289306799	7.56440698565168e-27
"SAMPLE664"	1	1	260.591555352745	523.164595219671	158.243849427584	1.57809557566075e-20
"SAMPLE676"	1	1	347.533433609477	426.618512748703	167.84805364182	6.33237580465725e-22
"SAMPLE679"	1	1	321.238948693029	439.367849698934	181.393201608037	2.04194089180538e-23
"SAMPLE680"	1	1	269.444945390195	500.519498117152	172.035556492652	1.71271872076342e-21
"SAMPLE683"	1	1	319.615061268172	459.566963339413	162.817975392415	0
"SAMPLE685"	1	1	319.72691119579	441.280262960611	180.992825843599	7.49763662063383e-24
"SAMPLE69"	1	1	342.568419668655	455.325609053368	144.105971277976	4.58710036661975e-24
"SAMPLE701"	1	1	228.95789151709	582.304187506444	130.737920976466	0
"SAMPLE703"	1	1	329.713858657094	464.126056981775	148.160084361132	7.61069900857075e-27
"SAMPLE713"	1	1	316.719784489038	452.189240244931	173.090975266031	2.20420357300882e-22
"SAMPLE72"	1	1	277.567865574794	510.099764819731	154.332369605474	1.96383669548236e-22
"SAMPLE721"	1	1	325.41022386653	478.916546242106	137.673229891364	3.76288245658491e-37
"SAMPLE725"	1	1	272.81231603285	516.914673191964	152.273010775187	1.08860842796015e-20
"SAMPLE728"	1	1	348.745363031526	436.037084800297	157.217552168178	4.27494484261481e-23
"SAMPLE730"	1	1	253.171279078012	533.146258123291	155.682462798696	2.99814456406734e-26
"SAMPLE732"	1	1	302.061030947905	479.111502350167	160.827466701929	8.4413770420422e-22
"SAMPLE745"	1	1	223.190620448293	549.337824191733	169.471555359974	1.48689637676084e-26
"SAMPLE747"	1	1	227.469854578238	549.610069894495	164.920075527266	5.80516137548772e-22
"SAMPLE75"	1	1	296.157545726338	478.629543623764	167.212910649898	2.97979443174525e-26
"SAMPLE751"	1	1	327.405710777831	462.720197483717	151.874091738452	3.66976891394506e-23
"SAMPLE756"	1	1	353.059045888676	436.732313977836	152.208640133488	2.07968644552446e-22
"SAMPLE758"	1	1	300.363121790195	481.581733477813	160.055144731992	2.65243776445909e-24
"SAMPLE766"	1	1	205.504386072007	586.771546024015	149.724067903978	1.59379058209462e-22
"SAMPLE767"	1	1	221.624262243327	562.236064617297	158.139673139376	9.36661641807824e-24
"SAMPLE771"	1	1	333.919267547244	442.057369658622	166.023362794134	2.84693396276658e-22
"SAMPLE776"	1	1	316.768298115845	454.639845982183	170.591855901972	5.35688486601599e-21
"SAMPLE783"	1	1	385.318453322931	386.22107179635	170.460474880719	3.44749440489862e-22
"SAMPLE785"	1	1	320.723995198977	459.4802672065	161.795737594524	2.73174521907589e-23
"SAMPLE786"	1	1	322.834195922981	464.178542414204	154.987261662815	0
"SAMPLE792"	1	1	309.928872016619	477.816220696773	154.254907286608	0
"SAMPLE794"	1	1	258.769856250518	497.328601697297	185.901542052186	3.02109510960907e-26
"SAMPLE806"	1	1	265.759704969085	528.142363226026	148.097931804889	2.577140222445e-22
"SAMPLE810"	1	1	343.548948169315	429.149396028045	169.30165580264	3.61199283055676e-40
"SAMPLE813"	1	1	337.58472072319	446.445873740957	157.969405535853	2.70538840630568e-22
"SAMPLE815"	1	1	373.940747346829	392.379606407939	175.679646245232	4.0279668601232e-21
"SAMPLE820"	1	1	318.654683655229	466.035336247036	157.309980097735	1.75953104051425e-22
"SAMPLE829"	1	1	307.735138599607	466.990285402927	167.274575997466	3.08477895509517e-22
"SAMPLE842"	1	1	273.202216318989	519.736448222041	149.06133545897	2.98259020749997e-26
"SAMPLE843"	1	1	326.207657567883	457.550163843155	158.242178588961	2.82798557241706e-21
"SAMPLE85"	1	1	304.318747054795	484.707381240049	152.973871705156	5.16479736058262e-22
"SAMPLE851"	1	1	358.179675665882	399.325028539959	184.49529579416	7.52512123449526e-27
"SAMPLE856"	1	1	332.928432367623	469.817998302906	139.253569329471	1.16472543426433e-21
"SAMPLE86"	1	1	324.73284688148	454.197931402148	163.069221716372	2.39216751892373e-25
"SAMPLE860"	1	1	259.155125477794	525.533261935713	157.311612586493	0
"SAMPLE863"	1	1	323.03464937046	472.191845752931	146.77350487661	3.08121004647963e-22
"SAMPLE866"	1	1	337.320109508821	438.661593098449	166.01829739273	0
"SAMPLE871"	1	1	326.130964044863	469.940020167696	145.929015787441	1.16197842855639e-22
"SAMPLE874"	1	1	298.596027018258	497.965410776234	145.438562205508	2.67658103262192e-22
"SAMPLE884"	1	1	278.722467888391	505.062795425263	158.214736686345	1.87352610557019e-27
"SAMPLE894"	1	1	265.781886385402	507.632563557689	168.585550056909	0
"SAMPLE91"	1	1	309.768632967385	458.287382254926	173.943984777689	1.18580682409822e-22
"SAMPLE919"	1	1	343.913485585397	457.30945080686	140.777063607743	0
"SAMPLE925"	1	1	257.048979117929	520.434723105924	164.516297776147	2.13940201447256e-50
"SAMPLE939"	1	1	323.075087572671	461.788572193849	157.13634023348	0
"SAMPLE943"	1	1	344.271254941614	423.72890327132	173.999841787065	2.87139908908783e-42
"SAMPLE946"	1	1	326.423614333702	444.240651648028	171.33573401827	4.49766846051091e-22
"SAMPLE949"	1	1	372.696379632284	394.623108394453	174.680511973262	4.9782852009864e-22
"SAMPLE950"	1	1	356.885670642236	421.883251755533	163.23107760223	7.21345914544461e-21
"SAMPLE958"	1	1	273.861420269573	523.125276163501	145.013303566926	1.35377541602051e-22
"SAMPLE959"	1	1	281.390250423474	512.008785482012	148.600964094514	3.04225019306844e-26
"SAMPLE97"	1	1	369.663361514766	395.33471085557	177.001927629665	7.48337466042413e-27
"SAMPLE977"	1	1	324.866474780318	475.131017854924	142.002507364758	2.99912595737424e-26
"SAMPLE99"	1	1	292.951114127364	475.665111915076	173.38377395756	4.65086867497501e-21
"SAMPLE991"	1	1	316.380792283676	465.269489389344	160.349718326979	5.7861248769673e-25
"SAMPLE992"	1	1	328.458939879715	445.229047723758	168.312012396527	1.89817805701525e-27
"SAMPLE996"	1	1	326.162686375464	433.985942195783	181.851371428753	5.92918638438852e-26
"SAMPLE999"	1	1	332.389289369178	436.082877565817	173.527833065005	2.98955044852078e-26
