"pval"	"apval"	"SBS2"	"SBS18"	"SBS31"
"SAMPLE580"	0.00254839283452533	1	55.1038288361769	530.045461730642	33.8507094331807
"SAMPLE476"	0.00715665522000793	1	67.2657475382976	523.459445187913	28.2748072737896
"SAMPLE531"	0.0157593680334204	1	51.3647816583655	541.265398690903	26.3698196507313
"SAMPLE947"	0.02174082202631	1	60.0783125907305	534.983158232125	23.9385291771449
"SAMPLE534"	0.0237594885830958	1	54.0843130902598	541.996088448704	22.9195984610359
"SAMPLE959"	0.0297428341912668	1	55.384984113238	538.756826945321	24.8581889414414
"SAMPLE197"	0.0378965418963098	1	55.7623163416669	540.416526431506	22.8211572268269
"SAMPLE17"	0.0383218141038557	1	59.0445910760253	539.277117386176	20.6782915377992
"SAMPLE92"	0.0432215004337859	1	55.0201123799245	542.031048760252	21.9488388598232
"SAMPLE519"	0.0457927188572535	1	60.0013296089137	536.776740972012	22.221929419074
"SAMPLE554"	0.0535621314708715	1	51.9330278786858	567.066972121314	0
"SAMPLE120"	0.066007575853343	1	52.3789133249984	566.621086675001	0
"SAMPLE813"	0.0717019857353108	1	59.1092954715341	559.890704528466	0
"SAMPLE301"	0.0718136909037694	1	53.6831538895171	565.316846110483	0
"SAMPLE707"	0.0883154574228115	1	57.1793155134389	561.820684486561	0
"SAMPLE583"	0.0987001963463827	1	54.9112047332771	564.088795266723	0
"SAMPLE57"	0.101366590910052	1	62.1459007978723	556.854099202128	0
"SAMPLE24"	0.105034515211422	1	58.5663621697133	560.433637830287	0
"SAMPLE471"	0.111763561052821	1	61.8907363067099	557.10926369329	0
"SAMPLE602"	0.111971234725263	1	53.0725497337591	565.927450266241	0
"SAMPLE814"	0.116467116867702	1	50.6203296826453	568.379670317355	0
"SAMPLE220"	0.116697401102458	1	54.3724439439065	564.627556056094	0
"SAMPLE110"	0.117110479042769	1	57.9311817288814	561.068818271119	0
"SAMPLE820"	0.118753524531122	1	60.2481499683126	558.751850031687	0
"SAMPLE734"	0.122834997116632	1	60.0685935940396	558.93140640596	0
"SAMPLE26"	0.125752557389035	1	49.7152770846944	569.284722915306	0
"SAMPLE434"	0.136434965624895	1	58.3225173842715	560.677482615729	0
"SAMPLE841"	0.140461259981311	1	64.9617347935302	554.03826520647	0
"SAMPLE564"	0.143537455679572	1	54.076841836144	564.923158163856	0
"SAMPLE150"	0.144658716710436	1	67.1992235698697	551.80077643013	0
"SAMPLE73"	0.145648038590571	1	61.1792728253838	557.820727174616	0
"SAMPLE911"	0.147986098225355	1	56.8829126028245	562.117087397175	0
"SAMPLE604"	0.148844794277003	1	63.6113299392247	555.388670060775	0
"SAMPLE186"	0.149520890988275	1	57.1362000307824	561.863799969218	0
"SAMPLE579"	0.15079637242453	1	59.7347933192602	559.26520668074	0
"SAMPLE117"	0.152967635415377	1	52.8548705862877	566.145129413712	0
"SAMPLE633"	0.157136542366166	1	65.8385949482014	553.161405051799	0
"SAMPLE838"	0.16502913565943	1	52.7473766094978	566.252623390502	0
"SAMPLE804"	0.167007621606858	1	60.4988713026531	558.501128697347	0
"SAMPLE141"	0.172563769634951	1	59.3812325095587	559.618767490441	0
"SAMPLE331"	0.178651116301591	1	60.4917975382045	558.508202461795	0
"SAMPLE802"	0.179215669676637	1	68.158620176095	550.841379823905	0
"SAMPLE258"	0.179642689482839	1	52.0419173716395	566.95808262836	0
"SAMPLE739"	0.182564482425888	1	54.8290140085489	564.170985991451	0
"SAMPLE417"	0.183491460405767	1	54.1245029301137	564.875497069886	0
"SAMPLE494"	0.183875079589149	1	51.0743305678445	567.925669432155	0
"SAMPLE690"	0.184970245272236	1	54.0816376120015	564.918362387999	0
"SAMPLE463"	0.18557402423561	1	57.599394504801	561.400605495199	0
"SAMPLE421"	0.1858298398119	1	50.4603912271538	568.539608772846	0
"SAMPLE335"	0.188279445464952	1	63.3866685445552	555.613331455445	0
"SAMPLE6"	0.204342763451088	1	58.7243332868899	560.27566671311	0
"SAMPLE416"	0.210401966113932	1	62.517700904473	556.482299095527	0
"SAMPLE542"	0.211183862363262	1	51.1940101034497	567.80598989655	0
"SAMPLE661"	0.211226467183989	1	51.8210043677451	567.178995632255	0
"SAMPLE539"	0.213708063370385	1	56.3884088172825	562.611591182717	0
"SAMPLE451"	0.219857442253239	1	58.1439207280621	560.856079271938	0
"SAMPLE36"	0.22065217503727	1	50.9029458266836	568.097054173316	0
"SAMPLE281"	0.225288820974594	1	55.1324139582423	563.867586041758	0
"SAMPLE593"	0.227350118237149	1	51.197392036196	567.802607963804	0
"SAMPLE840"	0.228183629101187	1	62.6545421237002	556.3454578763	0
"SAMPLE932"	0.231327622287437	1	53.6990611017514	565.300938898249	0
"SAMPLE864"	0.231525492701986	1	58.4339045622575	560.566095437742	0
"SAMPLE889"	0.237381018819045	1	64.7776368735292	554.222363126471	0
"SAMPLE125"	0.239778160401569	1	62.4372616869719	556.562738313028	0
"SAMPLE750"	0.242085372967683	1	56.7034231435313	562.296576856469	0
"SAMPLE60"	0.243960801997848	1	52.3921208083485	566.607879191652	0
"SAMPLE553"	0.249483360376034	1	55.1853901327629	563.814609867237	0
"SAMPLE996"	0.250366493063621	1	52.4321553812143	566.567844618786	0
"SAMPLE898"	0.258873111611094	1	52.0658440897855	566.934155910214	0
"SAMPLE296"	0.259862741896793	1	67.5610216329356	551.438978367064	0
"SAMPLE501"	0.261258346415542	1	63.1038270154988	555.896172984501	0
"SAMPLE38"	0.264538294860175	1	70.3254851861202	548.67451481388	0
"SAMPLE391"	0.266027082073656	1	64.7633271618736	554.236672838126	0
"SAMPLE801"	0.267485193028066	1	59.0934494284401	559.90655057156	0
"SAMPLE625"	0.267758832919046	1	53.5512226059947	565.448777394005	0
"SAMPLE657"	0.268640565084235	1	50.8431548705888	568.156845129411	0
"SAMPLE914"	0.274504137114621	1	58.3006635730079	560.699336426992	0
"SAMPLE300"	0.277393604540598	1	63.8189104437968	555.181089556203	0
"SAMPLE410"	0.278277537077833	1	53.7560593189081	565.243940681092	0
"SAMPLE875"	0.278379406196063	1	56.6710424415881	562.328957558412	0
"SAMPLE615"	0.280436745535219	1	50.8525214113912	568.147478588609	0
"SAMPLE42"	0.282497306419194	1	54.6916322252801	564.30836777472	0
"SAMPLE263"	0.285201742512882	1	63.3760809210039	555.623919078996	0
"SAMPLE646"	0.287524465155371	1	56.1702863200834	562.829713679917	0
"SAMPLE925"	0.287871726575938	1	69.7023621671424	549.297637832858	0
"SAMPLE137"	0.290067498676369	1	58.6722205711882	560.327779428812	0
"SAMPLE243"	0.291779932718831	1	58.2200778411849	560.779922158815	0
"SAMPLE908"	0.29436720831472	1	60.189592173577	558.810407826423	0
"SAMPLE603"	0.300400870405708	1	51.7604107991084	567.239589200892	0
"SAMPLE885"	0.300840759792409	1	68.3186118622811	550.681388137719	0
"SAMPLE981"	0.30421892617061	1	66.242322765072	552.757677234928	0
"SAMPLE457"	0.305240753564413	1	56.8139804531993	562.186019546801	0
"SAMPLE957"	0.306733388272414	1	68.2097651753274	550.790234824673	0
"SAMPLE536"	0.306954828088927	1	55.286826570569	563.713173429431	0
"SAMPLE714"	0.308119084458647	1	58.4170533191577	560.582946680842	0
"SAMPLE561"	0.309478336111294	1	50.1026820057318	568.897317994268	0
"SAMPLE10"	0.310685690148986	1	61.9313411171162	557.068658882884	0
"SAMPLE298"	0.315517857339182	1	49.8621674173791	569.137832582621	0
"SAMPLE653"	0.316036635136936	1	49.0620363236524	569.937963676348	0
"SAMPLE305"	0.318599969482918	1	47.5672937749129	571.432706225087	0
"SAMPLE138"	0.319123095614192	1	51.1731100967051	567.826889903295	0
"SAMPLE790"	0.323279892793294	1	57.0971659814093	561.902834018591	0
"SAMPLE355"	0.324134496966258	1	60.6609269967673	558.339073003233	0
"SAMPLE709"	0.325270099169187	1	58.4004472118112	560.599552788189	0
"SAMPLE85"	0.326686253578442	1	57.3092789961982	561.690721003802	0
"SAMPLE474"	0.328745945282662	1	64.2300183158124	554.769981684188	0
"SAMPLE389"	0.330438615209945	1	49.5043342625998	569.4956657374	0
"SAMPLE608"	0.330610526151617	1	50.338511396001	568.661488603999	0
"SAMPLE156"	0.331253798375102	1	55.1378118926734	563.862188107327	0
"SAMPLE394"	0.331810052071023	1	59.6391787081011	559.360821291899	0
"SAMPLE938"	0.331923753922837	1	55.2901753478619	563.709824652138	0
"SAMPLE250"	0.334039169299492	1	55.2117302408455	563.788269759154	0
"SAMPLE923"	0.33558980366018	1	54.2055246692616	564.794475330738	0
"SAMPLE533"	0.338627598794753	1	49.9879317413985	569.012068258601	0
"SAMPLE126"	0.34133416024441	1	61.8873789490924	557.112621050908	0
"SAMPLE334"	0.341609776000657	1	50.1369829479602	568.86301705204	0
"SAMPLE995"	0.344494556684024	1	53.9157295964033	565.084270403597	0
"SAMPLE378"	0.344582570580617	1	61.656208302205	557.343791697795	0
"SAMPLE710"	0.345681124374345	1	53.3955801597686	565.604419840231	0
"SAMPLE297"	0.348895084580666	1	54.9546126022758	564.045387397724	0
"SAMPLE460"	0.349330569929469	1	48.6966911515228	570.303308848477	0
"SAMPLE341"	0.352628030611487	1	58.9443967495029	560.055603250497	0
"SAMPLE294"	0.357235810421089	1	55.9992245505546	563.000775449445	0
"SAMPLE702"	0.360911568763101	1	58.3342664219352	560.665733578065	0
"SAMPLE30"	0.360993069095156	1	65.851662628694	553.148337371306	0
"SAMPLE869"	0.361230689168023	1	55.4053070907951	563.594692909205	0
"SAMPLE573"	0.362747417977887	1	56.4923687639032	562.507631236097	0
"SAMPLE356"	0.366023945347384	1	56.9732615113669	562.026738488633	0
"SAMPLE832"	0.369107683739435	1	55.5334759156392	563.466524084361	0
"SAMPLE330"	0.369486761902037	1	53.2206487907566	565.779351209243	0
"SAMPLE48"	0.370177600874802	1	65.9289540040171	553.071045995983	0
"SAMPLE187"	0.37042892933084	1	58.0388425038255	560.961157496174	0
"SAMPLE942"	0.371471729516264	1	49.8287442008129	569.171255799187	0
"SAMPLE576"	0.373350882682208	1	55.9576949820364	563.042305017964	0
"SAMPLE824"	0.373606199332823	1	57.8675710972505	561.132428902749	0
"SAMPLE852"	0.376460420547005	1	69.7919935533135	549.208006446686	0
"SAMPLE278"	0.378213564590956	1	69.2502777378183	549.749722262182	0
"SAMPLE740"	0.3792771186652	1	55.6442447234747	563.355755276525	0
"SAMPLE338"	0.380891681418215	1	57.4831371742114	561.516862825789	0
"SAMPLE343"	0.388295441732451	1	54.3159194625052	564.684080537495	0
"SAMPLE91"	0.388481356570838	1	54.5926525659581	564.407347434042	0
"SAMPLE788"	0.388608772497611	1	59.5815314908679	559.418468509132	0
"SAMPLE318"	0.388658334805694	1	50.2003498939699	568.79965010603	0
"SAMPLE746"	0.389225920785853	1	48.3421881702444	570.657811829756	0
"SAMPLE915"	0.38925159202039	1	60.7704303053389	558.229569694661	0
"SAMPLE403"	0.389924138006457	1	63.084491684499	555.915508315501	0
"SAMPLE238"	0.39198063745935	1	56.5933449921179	562.406655007882	0
"SAMPLE987"	0.39224012328195	1	49.4966667217736	569.503333278226	0
"SAMPLE904"	0.392534405304402	1	53.8307981904397	565.16920180956	0
"SAMPLE427"	0.393737963800957	1	54.7631865211479	564.236813478852	0
"SAMPLE621"	0.394814625457832	1	65.3295670004236	553.670432999576	0
"SAMPLE486"	0.397620445238875	1	55.2817946247433	563.718205375257	0
"SAMPLE222"	0.397712084137882	1	54.0609291252142	564.939070874786	0
"SAMPLE308"	0.399665498678671	1	53.1498821766633	565.850117823337	0
"SAMPLE152"	0.400950619734786	1	59.3648422726382	559.635157727362	0
"SAMPLE772"	0.402689589318821	1	61.6095528050761	557.390447194924	0
"SAMPLE857"	0.403075117453677	1	54.6575164461259	564.342483553874	0
"SAMPLE170"	0.403267969450167	1	59.4435175592904	559.55648244071	0
"SAMPLE848"	0.403665624688936	1	57.1897832954966	561.810216704503	0
"SAMPLE993"	0.404562234762396	1	66.1532444854889	552.846755514511	0
"SAMPLE7"	0.407319538652857	1	52.1351423612532	566.864857638747	0
"SAMPLE843"	0.408363183262557	1	54.4408153138941	564.559184686106	0
"SAMPLE940"	0.410671708244665	1	42.2784562703507	576.721543729649	0
"SAMPLE815"	0.412498615335139	1	54.0462476739589	564.953752326041	0
"SAMPLE277"	0.413960423647718	1	53.7981075330422	565.201892466958	0
"SAMPLE404"	0.415151665962153	1	62.3481190043095	556.65188099569	0
"SAMPLE290"	0.421381143647772	1	53.0950492371633	565.904950762837	0
"SAMPLE441"	0.424270803615032	1	58.0670101717748	560.932989828225	0
"SAMPLE379"	0.42562481060006	1	51.3624530578086	567.637546942191	0
"SAMPLE79"	0.427041127388068	1	65.4140108352667	553.585989164733	0
"SAMPLE968"	0.427323119649525	1	56.1615341187353	562.838465881265	0
"SAMPLE98"	0.430182720639637	1	47.9441989424707	571.055801057529	0
"SAMPLE867"	0.430229235029677	1	58.2000254082975	560.799974591702	0
"SAMPLE584"	0.433122136741749	1	53.9878253918405	565.01217460816	0
"SAMPLE816"	0.433406571264147	1	57.4210764034921	561.578923596508	0
"SAMPLE101"	0.435772069182307	1	53.0907671727852	565.909232827215	0
"SAMPLE654"	0.436587362187082	1	58.2878907718923	560.712109228108	0
"SAMPLE522"	0.436738672370599	1	52.7899863383085	566.210013661692	0
"SAMPLE937"	0.439054875193151	1	54.1753987231154	564.824601276885	0
"SAMPLE723"	0.442548762728292	1	56.8040050540257	562.195994945974	0
"SAMPLE705"	0.443669342801218	1	59.8170270557933	559.182972944207	0
"SAMPLE490"	0.444078146174016	1	64.8889726725037	554.111027327496	0
"SAMPLE858"	0.445704097430856	1	57.3121114644418	561.687888535558	0
"SAMPLE769"	0.446471452976817	1	66.2669150831696	552.73308491683	0
"SAMPLE438"	0.455324985931112	1	46.7418209179756	572.258179082024	0
"SAMPLE284"	0.456808499176796	1	49.9466785047254	569.053321495275	0
"SAMPLE574"	0.457903692759316	1	58.0790220274755	560.920977972525	0
"SAMPLE189"	0.457954029267514	1	58.1502369521822	560.849763047818	0
"SAMPLE719"	0.462543122622604	1	64.2026318334492	554.797368166551	0
"SAMPLE53"	0.466818586798995	1	52.7907549701605	566.20924502984	0
"SAMPLE793"	0.470092162462238	1	54.4617679332809	564.538232066719	0
"SAMPLE950"	0.470618829059855	1	61.3064757750601	557.69352422494	0
"SAMPLE163"	0.470974913833337	1	54.1041700769412	564.895829923059	0
"SAMPLE478"	0.474124540779872	1	60.0802756227689	558.919724377231	0
"SAMPLE304"	0.475536017330307	1	56.9585993506607	562.041400649339	0
"SAMPLE450"	0.47563666847	1	64.8443581035497	554.15564189645	0
"SAMPLE833"	0.475691436054464	1	61.2201033905854	557.779896609415	0
"SAMPLE753"	0.47723649487588	1	56.2990893282444	562.700910671756	0
"SAMPLE842"	0.480215797981961	1	64.4439078649389	554.556092135061	0
"SAMPLE798"	0.480326741685522	1	49.7295925684577	569.270407431542	0
"SAMPLE206"	0.480654603926156	1	57.0440499436736	561.955950056326	0
"SAMPLE462"	0.488091766317734	1	66.153115128011	552.846884871989	0
"SAMPLE956"	0.489979140998049	1	60.1483472785602	558.85165272144	0
"SAMPLE652"	0.490554893688326	1	60.4185118781207	558.581488121879	0
"SAMPLE977"	0.492830956001569	1	57.59277588176	561.40722411824	0
"SAMPLE619"	0.493300681708834	1	62.0622126698905	556.937787330109	0
"SAMPLE774"	0.493654336687074	1	60.2931531322886	558.706846867711	0
"SAMPLE464"	0.494151559542172	1	61.5960796638996	557.4039203361	0
"SAMPLE477"	0.49466029190673	1	59.9574331754161	559.042566824584	0
"SAMPLE634"	0.494779741117222	1	57.2235293147168	561.776470685283	0
"SAMPLE405"	0.497745916019806	1	64.6747519131925	554.325248086808	0
"SAMPLE998"	0.498909435760189	1	59.5101400689343	559.489859931066	0
"SAMPLE759"	0.503307175385788	1	62.838647716594	556.161352283406	0
"SAMPLE430"	0.503438819663403	1	51.9158880346362	567.084111965364	0
"SAMPLE357"	0.505729271980972	1	51.8493458047443	567.150654195256	0
"SAMPLE159"	0.508173010403606	1	53.4248113299692	565.575188670031	0
"SAMPLE74"	0.508817496986634	1	49.4595717559264	569.540428244074	0
"SAMPLE984"	0.512287366051109	1	59.1622501790008	559.837749820999	0
"SAMPLE701"	0.512343748156045	1	56.9632335829797	562.03676641702	0
"SAMPLE29"	0.513705802909825	1	56.5647735966703	562.43522640333	0
"SAMPLE479"	0.514298490341716	1	59.9429544091732	559.057045590827	0
"SAMPLE935"	0.516446755274788	1	64.4925201893786	554.507479810621	0
"SAMPLE896"	0.517507249972578	1	55.3226278737305	563.67737212627	0
"SAMPLE636"	0.520989296086006	1	64.2313858415059	554.768614158494	0
"SAMPLE1"	0.526762780389767	1	55.8213281454895	563.178671854511	0
"SAMPLE28"	0.527351004817448	1	56.6192758390197	562.38072416098	0
"SAMPLE94"	0.531981115990268	1	56.8896276837189	562.110372316281	0
"SAMPLE974"	0.533473117394603	1	60.1768078083366	558.823192191663	0
"SAMPLE611"	0.535383590728541	1	54.1322565218125	564.867743478188	0
"SAMPLE936"	0.538072431137841	1	54.344428157819	564.655571842181	0
"SAMPLE195"	0.538286494764844	1	51.3127923329707	567.687207667029	0
"SAMPLE825"	0.538593285120699	1	51.2050895915205	567.794910408479	0
"SAMPLE731"	0.540313108416228	1	55.9837863444653	563.016213655535	0
"SAMPLE926"	0.543291703348577	1	60.7189340091344	558.281065990865	0
"SAMPLE571"	0.543476963854998	1	60.8042300611255	558.195769938874	0
"SAMPLE726"	0.545511305816127	1	51.7440826155744	567.255917384426	0
"SAMPLE692"	0.549187031244298	1	64.5780943271888	554.421905672811	0
"SAMPLE563"	0.550358318502029	1	56.1909275535336	562.809072446466	0
"SAMPLE328"	0.552174218940705	1	45.8320348579805	573.16796514202	0
"SAMPLE614"	0.553665752280987	1	58.3377669315022	560.662233068498	0
"SAMPLE139"	0.556351651180941	1	68.2468601309733	550.753139869027	0
"SAMPLE560"	0.561421942863725	1	49.9624335915737	569.037566408426	0
"SAMPLE255"	0.561697451623657	1	55.4393733077482	563.560626692252	0
"SAMPLE789"	0.564802577838196	1	59.3606433134682	559.639356686532	0
"SAMPLE23"	0.566054235120796	1	54.3075890578213	564.692410942179	0
"SAMPLE674"	0.5695377070262	1	53.611881433236	565.388118566764	0
"SAMPLE727"	0.569754917562169	1	62.8478591100122	556.152140889988	0
"SAMPLE952"	0.570085260898344	1	55.8568831274995	563.143116872501	0
"SAMPLE693"	0.570828233479763	1	64.8540554543136	554.145944545686	0
"SAMPLE32"	0.573221291313255	1	56.2687531466924	562.731246853308	0
"SAMPLE901"	0.573641109800451	1	64.492018624184	554.507981375816	0
"SAMPLE358"	0.574681143219161	1	60.1148566389252	558.885143361075	0
"SAMPLE157"	0.579815533416036	1	55.7262274156077	563.273772584392	0
"SAMPLE538"	0.581029959702322	1	57.1672126966909	561.832787303309	0
"SAMPLE523"	0.585501698830755	1	55.9383155069655	563.061684493034	0
"SAMPLE260"	0.591233407182882	1	58.0122874550973	560.987712544903	0
"SAMPLE289"	0.591774477475297	1	56.9391416971296	562.06085830287	0
"SAMPLE966"	0.593250023194326	1	60.0635614547419	558.936438545258	0
"SAMPLE128"	0.594959658979619	1	64.618725579998	554.381274420002	0
"SAMPLE83"	0.597030957366528	1	57.6873935615402	561.31260643846	0
"SAMPLE978"	0.597258496608166	1	54.1641879584422	564.835812041558	0
"SAMPLE130"	0.597325680607726	1	69.0228770658571	549.977122934143	0
"SAMPLE778"	0.597411709777061	1	51.7007654779566	567.299234522043	0
"SAMPLE384"	0.599418808258098	1	57.4556032718077	561.544396728192	0
"SAMPLE324"	0.603031654127789	1	57.9727151677552	561.027284832245	0
"SAMPLE944"	0.604367414644509	1	52.2289290239393	566.771070976061	0
"SAMPLE240"	0.608465669744277	1	61.8848833210108	557.115116678989	0
"SAMPLE572"	0.60955865032805	1	55.6957561681077	563.304243831892	0
"SAMPLE897"	0.609884910755657	1	59.1070673336774	559.892932666323	0
"SAMPLE622"	0.613889818083186	1	54.6579278648454	564.342072135155	0
"SAMPLE148"	0.614223948422973	1	54.7575846404045	564.242415359596	0
"SAMPLE541"	0.614425521311793	1	56.6020446384894	562.397955361511	0
"SAMPLE658"	0.616423506198919	1	50.9173687055642	568.082631294436	0
"SAMPLE319"	0.621130357172649	1	49.3959689004847	569.604031099515	0
"SAMPLE730"	0.62170709433247	1	54.9310093120304	564.06899068797	0
"SAMPLE234"	0.622104288327111	1	53.0316547649646	565.968345235035	0
"SAMPLE767"	0.622750545632607	1	59.6835188562908	559.316481143709	0
"SAMPLE718"	0.624223190636319	1	54.1956977658773	564.804302234123	0
"SAMPLE883"	0.624816202286055	1	55.998683965975	563.001316034025	0
"SAMPLE721"	0.629523210421226	1	53.7263361223371	565.273663877663	0
"SAMPLE489"	0.633238539213671	1	62.8091582233715	556.190841776629	0
"SAMPLE217"	0.633797827742824	1	58.1908377034107	560.809162296589	0
"SAMPLE165"	0.638126396715012	1	48.628463772406	570.371536227594	0
"SAMPLE589"	0.641150406529229	1	57.4509478704705	561.54905212953	0
"SAMPLE461"	0.641172500958122	1	53.644226777295	565.355773222705	0
"SAMPLE810"	0.641217808160181	1	53.869439146918	565.130560853082	0
"SAMPLE668"	0.642879168296395	1	58.1849606249073	560.815039375093	0
"SAMPLE408"	0.647194912769825	1	60.1730889372552	558.826911062745	0
"SAMPLE983"	0.648882181944037	1	46.3625754717379	572.637424528262	0
"SAMPLE905"	0.651434939144664	1	54.7410467708756	564.258953229124	0
"SAMPLE190"	0.655655203164168	1	83.399815825838	535.600184174162	0
"SAMPLE601"	0.656301346165674	1	55.7155142401904	563.28448575981	0
"SAMPLE617"	0.665658502091113	1	62.0692906632281	556.930709336772	0
"SAMPLE172"	0.666418030948808	1	51.725659223427	567.274340776573	0
"SAMPLE439"	0.683617356418574	1	47.8712885845543	571.128711415446	0
"SAMPLE711"	0.690226112337528	1	58.1257010813155	560.874298918685	0
"SAMPLE62"	0.693955585536544	1	64.2455548366878	554.754445163312	0
"SAMPLE21"	0.697427897244832	1	54.5020986441261	564.497901355874	0
"SAMPLE86"	0.697895194816681	1	58.4177558384828	560.582244161517	0
"SAMPLE155"	0.698021068681373	1	57.7799439559402	561.22005604406	0
"SAMPLE903"	0.698056413286474	1	54.4531117256138	564.546888274386	0
"SAMPLE146"	0.699188191284573	1	58.119347211789	560.880652788211	0
"SAMPLE606"	0.6995433618692	1	47.2607172319852	571.739282768015	0
"SAMPLE530"	0.704393888531027	1	56.5099396413459	562.490060358654	0
"SAMPLE437"	0.70454002089117	1	62.1005640439183	556.899435956082	0
"SAMPLE50"	0.706178224292953	1	58.9913427555113	560.008657244489	0
"SAMPLE454"	0.707416930577164	1	51.5434080071334	567.456591992867	0
"SAMPLE487"	0.708373015597849	1	61.1859061160087	557.814093883991	0
"SAMPLE991"	0.70879208629434	1	55.6737965314276	563.326203468572	0
"SAMPLE973"	0.71385553975443	1	56.5256640189478	562.474335981052	0
"SAMPLE994"	0.714155257972861	1	53.7185215865065	565.281478413493	0
"SAMPLE317"	0.714865876300853	1	58.2450240590241	560.754975940976	0
"SAMPLE491"	0.717459514496407	1	55.3096612245647	563.690338775435	0
"SAMPLE967"	0.717566843501369	1	66.0714349487678	552.928565051232	0
"SAMPLE743"	0.718028894206276	1	69.9314252752668	549.068574724733	0
"SAMPLE402"	0.719891004846888	1	52.3954187095899	566.60458129041	0
"SAMPLE887"	0.720935981676874	1	64.512352497029	554.487647502971	0
"SAMPLE339"	0.721289594246544	1	59.8281994745189	559.171800525481	0
"SAMPLE47"	0.722987917988108	1	56.3018160000216	562.698183999978	0
"SAMPLE221"	0.723484735322733	1	57.4656478652	561.5343521348	0
"SAMPLE202"	0.726649897983536	1	51.6774945808933	567.322505419107	0
"SAMPLE102"	0.728566675474134	1	50.9393159263002	568.0606840737	0
"SAMPLE168"	0.730527381473317	1	64.4228242136247	554.577175786375	0
"SAMPLE333"	0.730791340809437	1	56.4252856651499	562.57471433485	0
"SAMPLE499"	0.73313832653634	1	62.605111093731	556.394888906269	0
"SAMPLE548"	0.734033395090081	1	67.491214750663	551.508785249337	0
"SAMPLE37"	0.73713493103234	1	52.5904530818911	566.409546918109	0
"SAMPLE299"	0.73721228458536	1	56.4338919305932	562.566108069407	0
"SAMPLE781"	0.738072191426466	1	49.3508350494794	569.649164950521	0
"SAMPLE839"	0.742723018637042	1	60.6809535229091	558.319046477091	0
"SAMPLE368"	0.743056197005218	1	52.7958312687911	566.204168731209	0
"SAMPLE359"	0.751833887294734	1	61.1095569578638	557.890443042136	0
"SAMPLE722"	0.752215644980818	1	51.0542258921452	567.945774107855	0
"SAMPLE470"	0.754455591299432	1	55.1876726742738	563.812327325726	0
"SAMPLE880"	0.758254073860886	1	58.1972219368795	560.802778063121	0
"SAMPLE14"	0.759112550169051	1	53.5926947452393	565.407305254761	0
"SAMPLE575"	0.760933894201908	1	59.8532789567065	559.146721043293	0
"SAMPLE380"	0.762225140257013	1	58.7981442647831	560.201855735217	0
"SAMPLE49"	0.765201677262584	1	52.6005610633371	566.399438936663	0
"SAMPLE986"	0.765626522382257	1	69.2437176352162	549.756282364784	0
"SAMPLE720"	0.766384024820623	1	49.6663253946716	569.333674605328	0
"SAMPLE244"	0.767320314410224	1	44.2190049606074	574.780995039393	0
"SAMPLE822"	0.768137813188608	1	61.3502578509698	557.64974214903	0
"SAMPLE364"	0.770469269206439	1	51.3416703141996	567.6583296858	0
"SAMPLE645"	0.770551883060993	1	48.6384109836934	570.361589016307	0
"SAMPLE105"	0.774761359619843	1	53.1083805917707	565.891619408229	0
"SAMPLE527"	0.775355243779505	1	50.6274747568182	568.372525243182	0
"SAMPLE145"	0.776010643399096	1	59.8223430559806	559.177656944019	0
"SAMPLE256"	0.776070382143205	1	49.6835732262836	569.316426773716	0
"SAMPLE414"	0.77620116416767	1	57.007636379934	561.992363620066	0
"SAMPLE929"	0.781204805878778	1	56.295677095281	562.704322904719	0
"SAMPLE644"	0.78290128494776	1	53.7572664704512	565.242733529549	0
"SAMPLE198"	0.784327575661919	1	56.3373647517275	562.662635248273	0
"SAMPLE598"	0.785215708945687	1	51.8505665967237	567.149433403276	0
"SAMPLE847"	0.785794777560071	1	53.9059805865419	565.094019413458	0
"SAMPLE136"	0.788500601503676	1	61.8671370536077	557.132862946392	0
"SAMPLE868"	0.792112428101123	1	56.3012638646841	562.698736135316	0
"SAMPLE675"	0.79399391912538	1	56.7970626938866	562.202937306113	0
"SAMPLE834"	0.796856115493382	1	61.443670335515	557.556329664485	0
"SAMPLE184"	0.79757945313553	1	56.2263686980623	562.773631301938	0
"SAMPLE837"	0.801497142537767	1	53.3162031575567	565.683796842443	0
"SAMPLE107"	0.805824831513069	1	55.4686973908981	563.531302609102	0
"SAMPLE795"	0.813837448571481	1	55.4086161449695	563.591383855031	0
"SAMPLE616"	0.815778467230526	1	57.5063295838323	561.493670416168	0
"SAMPLE273"	0.816062219854664	1	53.3307166704578	565.669283329542	0
"SAMPLE683"	0.821279478603616	1	64.5080916062584	554.491908393742	0
"SAMPLE295"	0.822688332097615	1	49.0134364666104	569.98656353339	0
"SAMPLE884"	0.823121596741044	1	61.748622612142	557.251377387858	0
"SAMPLE381"	0.823602478777453	1	57.3497110162425	561.650288983758	0
"SAMPLE169"	0.826111122668049	1	57.4915290915495	561.50847090845	0
"SAMPLE961"	0.836317560046388	1	62.5712973429417	556.428702657058	0
"SAMPLE182"	0.838073997020301	1	61.9045476477098	557.09545235229	0
"SAMPLE39"	0.838672085681992	1	65.0870277534306	553.912972246569	0
"SAMPLE500"	0.840339034033722	1	58.0753642341341	560.924635765866	0
"SAMPLE65"	0.840471344538926	1	52.8722075725107	566.127792427489	0
"SAMPLE96"	0.843742951519616	1	54.2310419683019	564.768958031698	0
"SAMPLE933"	0.845850668293083	1	50.90345678049	568.09654321951	0
"SAMPLE684"	0.847658643356248	1	60.3729845668252	558.627015433175	0
"SAMPLE861"	0.847969986595082	1	60.5019553710189	558.498044628981	0
"SAMPLE495"	0.848422656632534	1	53.5041551756977	565.495844824302	0
"SAMPLE1000"	0.84851533552023	1	53.0306727614824	565.969327238518	0
"SAMPLE518"	0.84931975527401	1	52.4284075620829	566.571592437917	0
"SAMPLE626"	0.8495346731678	1	60.466843097627	558.533156902373	0
"SAMPLE694"	0.850292236964791	1	60.5163914511688	558.483608548831	0
"SAMPLE660"	0.85196192055491	1	59.6042405194726	559.395759480527	0
"SAMPLE715"	0.853450874585872	1	71.5217318943618	547.478268105638	0
"SAMPLE550"	0.855287148970788	1	61.3601303664837	557.639869633516	0
"SAMPLE397"	0.855654339127139	1	58.3246017631205	560.67539823688	0
"SAMPLE670"	0.85750685720838	1	55.1309225716153	563.869077428385	0
"SAMPLE275"	0.859945310953487	1	53.865337505462	565.134662494538	0
"SAMPLE246"	0.863405570581223	1	51.6201182647231	567.379881735277	0
"SAMPLE656"	0.864189488256585	1	49.1238149061138	569.876185093886	0
"SAMPLE639"	0.864733315448224	1	56.4907564542686	562.509243545731	0
"SAMPLE514"	0.866172244481401	1	61.6719186332765	557.328081366724	0
"SAMPLE214"	0.86631532063542	1	61.5715365408835	557.428463459117	0
"SAMPLE329"	0.869059880414426	1	55.7488333831277	563.251166616872	0
"SAMPLE367"	0.872334781968956	1	50.6306872862807	568.369312713719	0
"SAMPLE863"	0.872727365068251	1	49.9901683630884	569.009831636912	0
"SAMPLE831"	0.87763666028907	1	53.5303911258781	565.469608874122	0
"SAMPLE549"	0.878875699634744	1	55.6790093603029	563.320990639697	0
"SAMPLE671"	0.879375083455385	1	55.7004472603798	563.29955273962	0
"SAMPLE760"	0.879536877811786	1	52.4321890265737	566.567810973426	0
"SAMPLE82"	0.882725537088054	1	61.4359444758531	557.564055524147	0
"SAMPLE928"	0.883252214783617	1	55.8225435326646	563.177456467335	0
"SAMPLE385"	0.884709808594502	1	60.3832936336385	558.616706366361	0
"SAMPLE756"	0.886811334667871	1	57.757081890893	561.242918109107	0
"SAMPLE859"	0.8878540233686	1	54.2538511484066	564.746148851593	0
"SAMPLE122"	0.887990291608989	1	55.9570218052733	563.042978194727	0
"SAMPLE545"	0.890496837348185	1	56.9286314006157	562.071368599384	0
"SAMPLE900"	0.893083583450179	1	43.6495217455039	575.350478254496	0
"SAMPLE283"	0.894625748214677	1	56.3644542942763	562.635545705724	0
"SAMPLE988"	0.895401987752046	1	52.48740982482	566.51259017518	0
"SAMPLE496"	0.895590028760177	1	47.8541457023202	571.14585429768	0
"SAMPLE303"	0.896354799648846	1	61.8155558125619	557.184444187438	0
"SAMPLE453"	0.896726206955734	1	50.9811508710827	568.018849128917	0
"SAMPLE504"	0.90054449643258	1	51.9147023246211	567.085297675379	0
"SAMPLE792"	0.902062817059808	1	58.345587075315	560.654412924685	0
"SAMPLE773"	0.902487182117054	1	56.1880971596679	562.811902840332	0
"SAMPLE447"	0.902811064117341	1	46.8954459584291	572.104554041571	0
"SAMPLE969"	0.903085318431494	1	51.2516436933423	567.748356306658	0
"SAMPLE109"	0.903652022054781	1	48.9463514282382	570.053648571762	0
"SAMPLE881"	0.913900567766316	1	52.2679409296926	566.732059070307	0
"SAMPLE51"	0.913995301793233	1	56.972419741602	562.027580258398	0
"SAMPLE497"	0.916025028710958	1	61.8185239587379	557.181476041262	0
"SAMPLE70"	0.917403043398701	1	60.3098449725102	558.69015502749	0
"SAMPLE232"	0.917414664192657	1	45.5289184922375	573.471081507763	0
"SAMPLE425"	0.921947465671656	1	48.8746545436025	570.125345456398	0
"SAMPLE241"	0.922036056266757	1	61.185556768428	557.814443231572	0
"SAMPLE775"	0.926591293669624	1	52.1078502447096	566.89214975529	0
"SAMPLE627"	0.929716591423075	1	61.4664652575643	557.533534742436	0
"SAMPLE559"	0.936898719807132	1	59.2473835567087	559.752616443291	0
"SAMPLE310"	0.937908574398152	1	58.5979592608811	560.402040739119	0
"SAMPLE257"	0.93971749089165	1	51.8294138767353	567.170586123265	0
"SAMPLE111"	0.939941945135671	1	53.8275011581548	565.172498841845	0
"SAMPLE763"	0.941892600907324	1	57.4192303646919	561.580769635308	0
"SAMPLE762"	0.943852817242016	1	62.2703086447008	556.729691355299	0
"SAMPLE388"	0.946088225873969	1	57.9833488811349	561.016651118865	0
"SAMPLE247"	0.946540359816756	1	62.2438159965079	556.756184003492	0
"SAMPLE916"	0.949909905180824	1	57.1043803297161	561.895619670284	0
"SAMPLE18"	0.950709626192115	1	56.3517053509553	562.648294649045	0
"SAMPLE651"	0.950803508551893	1	66.1875476999113	552.812452300089	0
"SAMPLE75"	0.953198209439284	1	56.3342630985829	562.178042608256	0.487694293161055
"SAMPLE552"	0.955823281486732	1	57.6584408678068	561.341559132193	0
"SAMPLE226"	0.958382973917147	1	54.7062357778307	563.832943312568	0.460820909601087
"SAMPLE600"	0.959906280921948	1	55.2184977930933	563.289030355283	0.492471851623505
"SAMPLE524"	0.960204802595333	1	65.883093074561	552.661069777045	0.455837148393641
"SAMPLE681"	0.961216358999087	1	52.4256104506152	566.105868999103	0.468520550281349
"SAMPLE311"	0.968213287742437	1	53.7006645241468	564.922965812892	0.376369662961542
"SAMPLE456"	0.968559205698751	1	53.5708883119335	565.003995207685	0.425116480381499
"SAMPLE203"	0.973375084164854	1	51.0614799386459	567.629738815887	0.308781245467087
"SAMPLE176"	0.973664077717049	1	52.0455635664474	566.638257053183	0.316179380369534
"SAMPLE745"	0.975091455572237	1	60.3655451561131	558.349794580574	0.284660263312594
"SAMPLE423"	0.976583187447023	1	63.7002694561598	555.043791768456	0.255938775383731
"SAMPLE877"	0.976604101934709	1	53.1756220554881	565.569169779974	0.255208164537443
"SAMPLE287"	0.977052660742483	1	57.8033009810245	560.914226662082	0.282472356893333
"SAMPLE264"	0.977787401945419	1	65.3566139323349	553.391497512196	0.251888555469538
"SAMPLE35"	0.979200126368303	1	57.9049195974928	560.87242577767	0.222654624836977
"SAMPLE948"	0.979459222309318	1	63.6281176981401	555.12602661135	0.245855690509696
"SAMPLE129"	0.979485238428849	1	52.1428388219711	566.633392079392	0.223769098636743
"SAMPLE680"	0.980795732706104	1	58.0169277861449	560.761144089037	0.221928124817712
"SAMPLE846"	0.988833146353025	1	58.1247976079808	560.744498364482	0.130704027537151
"SAMPLE971"	0.990512803561925	1	69.2373811287936	549.65383701395	0.108781857256624
"SAMPLE327"	0.996351999612078	1	60.310280973557	558.646878946249	0.0428400801939145
"SAMPLE132"	0.998521314438964	1	47.4786297151666	571.503707473001	0.0176628118323731
"SAMPLE63"	0.999997249869517	1	50.799813302409	568.200186697591	3.04610664235098e-23
"SAMPLE58"	0.999997549051415	1	46.8557717458574	572.144228254143	0
"SAMPLE872"	0.999997677940782	1	47.6893491353853	571.310650864615	0
"SAMPLE407"	0.999997701436083	1	50.440961989956	568.559038010044	9.43199882591025e-23
"SAMPLE99"	0.999997814417913	1	50.4113613257144	568.588638674285	0
"SAMPLE5"	0.999997831038551	1	50.1457429242555	568.854257075744	0
"SAMPLE920"	0.999997831038551	1	52.5650221419152	566.434977858085	3.30924442746488e-27
"SAMPLE586"	0.999997856211103	1	52.434509906082	566.565490093918	0
"SAMPLE682"	0.999997864667897	1	45.2861585497402	573.71384145026	1.57834167640268e-27
"SAMPLE455"	0.999997873158316	1	51.8256796740111	567.174320325989	3.32079958962898e-27
"SAMPLE655"	0.999997873158316	1	54.5405185036986	564.459481496301	2.4701325558364e-24
"SAMPLE934"	0.999997873158316	1	56.3906282631822	562.609371736818	0
"SAMPLE874"	0.999997924830204	1	56.768870885966	562.231129114034	3.09580963218032e-24
"SAMPLE314"	0.999997977822012	1	54.3927009374598	564.60729906254	3.26229748842299e-27
"SAMPLE511"	0.999997986789586	1	50.9193176589699	568.08068234103	0
"SAMPLE282"	0.99999806937125	1	59.265468050409	559.734531949591	1.69069300690436e-27
"SAMPLE979"	0.999998088207103	1	56.9783691818252	562.021630818175	1.57365822234192e-27
"SAMPLE482"	0.999998097694967	1	51.0035445331102	567.99645546689	1.28024320520223e-26
"SAMPLE735"	0.999998107230391	1	49.7089289577151	569.291071042285	6.22619494221257e-58
"SAMPLE399"	0.999998165483462	1	52.1967230417374	566.803276958263	0
"SAMPLE201"	0.999998175373111	1	58.2373255445439	560.762674455456	3.4265943885236e-27
"SAMPLE503"	0.999998175373111	1	53.5295285894624	565.470471410538	3.5533692236206e-22
"SAMPLE293"	0.999998185316656	1	55.2056187792307	563.794381220769	0
"SAMPLE818"	0.999998205369021	1	58.4332667248184	560.566733275182	5.77257560062388e-26
"SAMPLE84"	0.999998205369021	1	58.4958518072771	560.504148192723	0
"SAMPLE208"	0.999998215479699	1	51.2181464381866	567.781853561813	0
"SAMPLE528"	0.999998225647988	1	55.8177225530864	563.182277446914	8.41480437733159e-28
"SAMPLE951"	0.999998225647988	1	55.5284956682532	563.471504331747	1.31332659473029e-26
"SAMPLE595"	0.999998235874886	1	53.4120385911233	565.587961408877	0
"SAMPLE309"	0.999998246161418	1	52.4825085297579	566.517491470242	4.67349985018686e-22
"SAMPLE557"	0.999998246161418	1	58.9213866132509	560.078613386749	6.68207740960706e-27
"SAMPLE856"	0.999998246161418	1	52.2109413828951	566.789058617105	2.01162552442904e-21
"SAMPLE577"	0.999998266917635	1	56.4824324635851	562.517567536415	0
"SAMPLE853"	0.999998266917635	1	59.0799074033732	559.920092596627	3.47535879596804e-23
"SAMPLE346"	0.999998287925471	1	55.0525978055774	563.947402194423	0
"SAMPLE181"	0.999998298526653	1	47.6575366365164	571.342463363483	3.21759795184067e-22
"SAMPLE400"	0.999998330734108	1	53.4143121166298	565.58568788337	0
"SAMPLE177"	0.999998341608921	1	60.624317753445	558.375682246555	1.32318777020769e-26
"SAMPLE267"	0.999998352555516	1	57.0784478856028	561.921552114397	6.48421520216291e-27
"SAMPLE64"	0.999998352555516	1	59.6312466111505	559.36875338885	8.54962950815871e-28
"SAMPLE175"	0.999998363575335	1	47.4294826588697	571.57051734113	0
"SAMPLE448"	0.999998374669868	1	51.7626880134157	567.237311986584	0
"SAMPLE121"	0.999998385840654	1	54.5231042174493	564.476895782551	0
"SAMPLE386"	0.999998385840654	1	47.1876587139449	571.812341286055	0
"SAMPLE787"	0.999998385840654	1	56.2315188372545	562.768481162745	2.10734504543705e-22
"SAMPLE599"	0.999998408417421	1	54.4984128882345	564.501587111766	8.3057616118945e-28
"SAMPLE761"	0.999998408417421	1	52.4973775426165	566.502622457383	2.03137817752032e-23
"SAMPLE269"	0.999998431319084	1	47.7774844872481	571.222515512752	2.10494304291931e-25
"SAMPLE972"	0.999998431319084	1	52.4099680910029	566.590031908997	1.39833826107365e-23
"SAMPLE205"	0.999998466312651	1	59.3585405954059	559.641459404594	0
"SAMPLE422"	0.999998466312651	1	55.7037024487943	563.296297551206	6.56386419615299e-27
"SAMPLE322"	0.999998478155974	1	54.4548138114558	564.545186188544	6.1660083744423e-21
"SAMPLE307"	0.999998526480858	1	49.4679345539772	569.532065446023	8.23802912684016e-22
"SAMPLE999"	0.999998526480858	1	50.415728847658	568.584271152342	4.11166942344462e-28
"SAMPLE412"	0.999998538811779	1	47.751087917332	571.248912082668	0
"SAMPLE428"	0.999998538811779	1	58.2392190013943	560.760780998606	1.15764219628909e-22
"SAMPLE46"	0.999998563791196	1	54.8007881023535	564.199211897646	6.76240410913104e-22
"SAMPLE245"	0.999998576445264	1	55.7833714413282	563.216628558672	4.19810820865454e-28
"SAMPLE285"	0.999998576445264	1	47.3333277925712	571.666672207429	8.25864309384267e-28
"SAMPLE578"	0.999998576445264	1	59.6645631789282	559.335436821072	0
"SAMPLE16"	0.999998589212829	1	54.8368133364291	564.163186663571	1.98705279074229e-22
"SAMPLE396"	0.999998589212829	1	57.8610061481602	561.13899385184	0
"SAMPLE698"	0.999998589212829	1	66.3200385359204	552.67996146408	2.58730142942019e-26
"SAMPLE344"	0.999998602097	1	58.1396577143894	560.860342285611	6.02424110531765e-22
"SAMPLE398"	0.999998602097	1	51.3341044401945	567.665895559805	0
"SAMPLE465"	0.999998602097	1	52.7213499361669	566.278650063833	4.57886351501652e-23
"SAMPLE662"	0.999998602097	1	62.8853700589214	556.114629941079	0
"SAMPLE806"	0.999998602097	1	60.4356152110924	558.564384788908	2.41960772978533e-23
"SAMPLE521"	0.999998615101032	1	55.0993142619933	563.900685738007	0
"SAMPLE894"	0.999998615101032	1	64.3422869060365	554.657713093963	1.62879080511515e-27
"SAMPLE696"	0.999998628228333	1	54.760469252483	564.239530747517	1.00755989283863e-24
"SAMPLE892"	0.999998628228333	1	60.7991989835467	558.200801016453	2.64208462386838e-26
"SAMPLE69"	0.999998641482476	1	56.3654089976273	562.634591002373	0
"SAMPLE638"	0.999998654867212	1	54.9689105228096	564.03108947719	6.08771647607547e-25
"SAMPLE409"	0.999998668386477	1	54.8129761168506	564.187023883149	8.04530527072375e-28
"SAMPLE673"	0.999998668386477	1	62.0594832464521	556.940516753548	3.331022637831e-27
"SAMPLE103"	0.999998682044413	1	65.2839851022924	553.716014897708	0
"SAMPLE158"	0.999998682044413	1	50.6442683026044	568.355731697396	1.62707776506409e-27
"SAMPLE733"	0.999998682044413	1	51.9130888730312	567.086911126969	0
"SAMPLE80"	0.999998682044413	1	50.8675724159185	568.132427584081	3.21708334435251e-22
"SAMPLE886"	0.999998682044413	1	49.8244692631197	569.17553073688	1.544074896708e-21
"SAMPLE591"	0.999998695845375	1	60.4154796674615	558.584520332538	3.29553419172778e-27
"SAMPLE292"	0.999998709793954	1	59.7229614043027	559.277038595697	6.00094823189027e-38
"SAMPLE459"	0.999998709793954	1	63.7054294218429	555.294570578157	1.62646619225431e-27
"SAMPLE609"	0.999998709793954	1	61.6941443874575	557.305855612543	0
"SAMPLE140"	0.99999872389499	1	54.4971824550985	564.502817544902	4.03600683536993e-24
"SAMPLE166"	0.99999872389499	1	64.3545696464336	554.645430353566	0
"SAMPLE252"	0.999998738153594	1	58.8196612928372	560.180338707163	2.80191147190151e-42
"SAMPLE597"	0.999998738153594	1	52.4993326053486	566.500667394651	0
"SAMPLE77"	0.999998738153594	1	53.118327974479	565.881672025521	0
"SAMPLE131"	0.999998752575169	1	52.5591977081696	566.44080229183	8.09169296991854e-28
"SAMPLE354"	0.999998752575169	1	54.3210385190435	564.678961480957	0
"SAMPLE429"	0.999998752575169	1	59.5893862291321	559.410613770868	0
"SAMPLE565"	0.999998752575169	1	59.2005465772552	559.799453422745	0
"SAMPLE492"	0.999998767165435	1	59.4341941894443	559.565805810556	8.22577338162971e-28
"SAMPLE640"	0.999998767165435	1	64.6907428090779	554.309257190922	1.64900788405955e-27
"SAMPLE697"	0.999998767165435	1	60.5730471774642	558.426952822536	1.57781772250984e-24
"SAMPLE946"	0.999998767165435	1	59.6649215399544	559.335078460046	1.51273297839817e-23
"SAMPLE230"	0.999998781930454	1	48.9553485518293	570.044651448171	0
"SAMPLE306"	0.999998781930454	1	60.2825507307972	558.717449269203	6.50055930153059e-27
"SAMPLE648"	0.999998781930454	1	57.4496967936975	561.550303206302	3.26085772036495e-27
"SAMPLE989"	0.999998781930454	1	55.4889859949587	563.511014005041	8.0616187183214e-28
"SAMPLE218"	0.999998796876658	1	61.7773532513889	557.222646748611	7.60406252211145e-23
"SAMPLE248"	0.999998796876658	1	57.4697119478425	561.530288052157	0
"SAMPLE845"	0.999998796876658	1	57.2222420381594	561.777757961841	6.36453310344198e-26
"SAMPLE377"	0.999998812010888	1	51.4586491880684	567.541350811931	0
"SAMPLE537"	0.999998812010888	1	58.5847312963321	560.415268703668	0
"SAMPLE93"	0.999998812010888	1	60.3894064373208	558.610593562679	1.67465018190366e-27
"SAMPLE505"	0.999998827340422	1	53.9370464750952	565.062953524905	6.64491544680923e-27
"SAMPLE72"	0.999998827340422	1	67.8820552465451	551.117944753455	0
"SAMPLE742"	0.999998827340422	1	61.9552403108849	557.044759689115	2.47627651272583e-25
"SAMPLE610"	0.999998842873023	1	48.326340839156	570.673659160844	0
"SAMPLE764"	0.999998842873023	1	53.9106966882921	565.089303311708	4.09116985489099e-28
"SAMPLE835"	0.999998842873023	1	58.6203081343188	560.379691865681	0
"SAMPLE112"	0.99999885861698	1	47.7137012061064	571.286298793894	4.1629074882744e-28
"SAMPLE472"	0.99999885861698	1	57.3067816678359	561.693218332164	0
"SAMPLE982"	0.99999885861698	1	50.9924006465575	568.007599353442	1.24909329912396e-21
"SAMPLE332"	0.999998874581165	1	60.3071582762662	558.692841723734	7.40646397703908e-22
"SAMPLE382"	0.999998874581165	1	61.5836524390202	557.41634756098	9.00027025557727e-22
"SAMPLE637"	0.999998874581165	1	54.2845743065393	564.715425693461	0
"SAMPLE747"	0.999998874581165	1	61.5748189707638	557.425181029236	1.5722398741031e-26
"SAMPLE100"	0.999998890775087	1	56.0624561417272	562.937543858273	2.96371237088325e-24
"SAMPLE223"	0.999998890775087	1	59.538756221465	559.461243778535	4.41583780820375e-28
"SAMPLE369"	0.999998890775087	1	53.8383439973061	565.161656002694	6.43134734355727e-27
"SAMPLE555"	0.999998890775087	1	54.1497253812227	564.850274618777	9.71105149568741e-23
"SAMPLE588"	0.999998890775087	1	51.1432932581246	567.856706741875	4.13312928784147e-28
"SAMPLE716"	0.999998890775087	1	54.6343077749656	564.365692225034	3.25411546938465e-27
"SAMPLE325"	0.999998907208957	1	58.2527470760423	560.747252923958	0
"SAMPLE345"	0.999998907208957	1	63.6714796180124	555.328520381988	0
"SAMPLE566"	0.999998907208957	1	62.5926346844472	556.407365315553	0
"SAMPLE930"	0.999998907208957	1	64.2857694979012	554.714230502099	5.7342843383527e-24
"SAMPLE216"	0.999998923893769	1	59.0350474936627	559.964952506337	8.75499337343639e-22
"SAMPLE242"	0.999998923893769	1	51.9258559797318	567.074144020268	2.27591392160262e-22
"SAMPLE265"	0.999998923893769	1	60.6798689310544	558.320131068946	3.69433668488654e-24
"SAMPLE444"	0.999998923893769	1	73.2177878433855	545.782212156614	2.90027499410222e-42
"SAMPLE54"	0.999998923893769	1	55.5381233999729	563.461876600027	3.44516978104678e-21
"SAMPLE262"	0.999998940841383	1	48.7523196429606	570.247680357039	2.62519138728898e-26
"SAMPLE618"	0.999998940841383	1	57.3200165695953	561.679983430405	2.20850048880522e-20
"SAMPLE729"	0.999998940841383	1	55.2476204280769	563.752379571923	0
"SAMPLE807"	0.999998940841383	1	54.8381701938288	564.161829806171	0
"SAMPLE992"	0.999998940841383	1	59.5299873253263	559.470012674674	3.21603667266707e-27
"SAMPLE348"	0.999998958064622	1	54.0234196553349	564.976580344665	2.39745683228367e-41
"SAMPLE568"	0.999998958064622	1	68.3366152136731	550.663384786327	3.48966406245343e-24
"SAMPLE629"	0.999998958064622	1	53.5381378727587	565.461862127241	0
"SAMPLE71"	0.999998958064622	1	61.5742161080166	557.425783891983	6.3658056382309e-27
"SAMPLE878"	0.999998958064622	1	58.4680859194	560.5319140806	0
"SAMPLE964"	0.999998958064622	1	58.4827652227669	560.517234777233	9.27604438872836e-22
"SAMPLE204"	0.999998975577388	1	48.4306150958479	570.569384904152	4.81463055372272e-38
"SAMPLE251"	0.999998975577388	1	58.9469077614774	560.053092238523	0
"SAMPLE436"	0.999998975577388	1	67.4068436686946	551.593156331305	0
"SAMPLE507"	0.999998975577388	1	57.3090608406403	561.69093915936	9.73972723693145e-25
"SAMPLE510"	0.999998975577388	1	57.5726100926149	561.427389907385	3.38814654584198e-27
"SAMPLE67"	0.999998975577388	1	63.967170693045	555.032829306955	5.39633862444097e-26
"SAMPLE677"	0.999998993394793	1	60.3273774516104	558.67262254839	7.23632036179896e-24
"SAMPLE744"	0.999998993394793	1	59.0876470383172	559.912352961683	6.54406482373505e-23
"SAMPLE791"	0.999998993394793	1	60.5079486944511	558.492051305549	1.3143997227466e-26
"SAMPLE8"	0.999998993394793	1	56.6431894638557	562.356810536144	5.05344455754045e-20
"SAMPLE899"	0.999998993394793	1	70.1260485202658	548.873951479734	3.42421328643297e-27
"SAMPLE752"	0.99999901153331	1	55.6755679252955	563.324432074704	6.56528992680815e-27
"SAMPLE167"	0.999999030010952	1	59.8089644534872	559.191035546513	0
"SAMPLE215"	0.999999030010952	1	52.4149859765518	566.585014023448	0
"SAMPLE280"	0.999999030010952	1	49.517934829187	569.482065170813	3.2933149512856e-27
"SAMPLE41"	0.999999030010952	1	53.1812889218971	565.818711078103	0
"SAMPLE515"	0.999999030010952	1	59.5652816070375	559.434718392962	1.21246175228005e-24
"SAMPLE695"	0.999999030010952	1	62.0519850533593	556.948014946641	4.03698763414998e-24
"SAMPLE736"	0.999999030010952	1	46.2201064874636	572.779893512536	6.32783581182606e-27
"SAMPLE913"	0.999999030010952	1	50.8088518870346	568.191148112965	6.39043764263701e-27
"SAMPLE151"	0.999999048847484	1	53.3933586954346	565.606641304565	1.55695988341892e-22
"SAMPLE210"	0.999999048847484	1	48.0619684854907	570.938031514509	2.5568961227917e-26
"SAMPLE374"	0.999999048847484	1	61.2694510561163	557.730548943884	4.158145708896e-28
"SAMPLE630"	0.999999048847484	1	59.7390690066103	559.26093099339	0
"SAMPLE76"	0.999999048847484	1	62.0830085474356	556.916991452564	2.05700594988703e-24
"SAMPLE78"	0.999999048847484	1	50.5934556904931	568.406544309507	1.21934002679614e-23
"SAMPLE960"	0.999999048847484	1	59.1913538943516	559.808646105648	0
"SAMPLE171"	0.999999068064667	1	56.1980113051767	562.801988694823	3.97674541285655e-28
"SAMPLE337"	0.999999068064667	1	60.6058135343236	558.394186465677	0
"SAMPLE375"	0.999999068064667	1	64.3226497759041	554.677350224096	6.22174051646834e-26
"SAMPLE607"	0.999999068064667	1	54.554582809083	564.445417190917	0
"SAMPLE771"	0.999999068064667	1	53.0231227231324	565.976877276868	5.19223557590602e-21
"SAMPLE888"	0.999999068064667	1	53.7773092112841	565.222690788716	3.37704670222316e-27
"SAMPLE9"	0.999999068064667	1	67.1569003486403	551.84309965136	0
"SAMPLE921"	0.999999068064667	1	61.6325567424637	557.367443257536	3.24755455664637e-27
"SAMPLE95"	0.999999068064667	1	54.0825656838048	564.917434316195	4.33762863892929e-25
"SAMPLE211"	0.999999087686556	1	62.3521679162644	556.647832083736	8.07776081004227e-28
"SAMPLE237"	0.999999087686556	1	55.8228501292418	563.177149870758	1.32373518705006e-26
"SAMPLE509"	0.999999087686556	1	62.2308445127874	556.769155487213	4.19433945883919e-28
"SAMPLE643"	0.999999087686556	1	60.8408667636487	558.159133236351	2.11829287941188e-25
"SAMPLE777"	0.999999087686556	1	58.4404671729652	560.559532827035	0
"SAMPLE873"	0.999999087686556	1	54.8734189908121	564.126581009188	5.35104370621474e-26
"SAMPLE879"	0.999999087686556	1	58.3836887504448	560.616311249555	1.61376511826881e-27
"SAMPLE924"	0.999999087686556	1	52.5544914320229	566.445508567977	1.6833766880769e-27
"SAMPLE360"	0.999999107739849	1	58.1406226905943	560.859377309406	0
"SAMPLE363"	0.999999107739849	1	57.2329172413569	561.767082758643	3.25972495886401e-27
"SAMPLE443"	0.999999107739849	1	59.0036161074617	559.996383892538	0
"SAMPLE613"	0.999999107739849	1	61.0256368931124	557.974363106888	2.17074746572984e-24
"SAMPLE623"	0.999999107739849	1	46.2377676448019	572.762232355198	0
"SAMPLE663"	0.999999107739849	1	59.2272819628621	559.772718037138	0
"SAMPLE676"	0.999999107739849	1	61.184898425876	557.815101574124	0
"SAMPLE757"	0.999999107739849	1	56.121762995286	562.878237004714	0
"SAMPLE766"	0.999999107739849	1	52.8255532399602	566.17444676004	0
"SAMPLE785"	0.999999107739849	1	59.3065444011197	559.69345559888	0
"SAMPLE797"	0.999999107739849	1	53.1640198673303	565.83598013267	2.08532765770524e-23
"SAMPLE821"	0.999999107739849	1	58.6102572616891	560.389742738311	0
"SAMPLE836"	0.999999107739849	1	59.720401138298	559.279598861702	0
"SAMPLE866"	0.999999107739849	1	49.5963507250101	569.40364927499	6.99308712397513e-43
"SAMPLE958"	0.999999107739849	1	64.2407639382885	554.759236061712	1.68357091039733e-27
"SAMPLE153"	0.999999128254319	1	62.437031807052	556.562968192948	6.5006378345917e-27
"SAMPLE2"	0.999999128254319	1	64.0643527572421	554.935647242758	0
"SAMPLE387"	0.999999128254319	1	53.0729869529128	565.927013047087	8.16801936681312e-28
"SAMPLE393"	0.999999128254319	1	49.5329292631821	569.467070736818	0
"SAMPLE506"	0.999999128254319	1	62.2366871154964	556.763312884504	2.68333245715418e-23
"SAMPLE547"	0.999999128254319	1	59.1258917922733	559.874108207727	4.05299771629652e-28
"SAMPLE799"	0.999999128254319	1	54.3377566701282	564.662243329872	2.6432244034609e-25
"SAMPLE809"	0.999999128254319	1	61.909186881036	557.090813118964	8.26698748826324e-22
"SAMPLE882"	0.999999128254319	1	69.2374619541597	549.76253804584	0
"SAMPLE955"	0.999999128254319	1	57.8339457593894	561.166054240611	0
"SAMPLE687"	0.999999149263327	1	62.5315592051494	556.468440794851	4.04315146758889e-28
"SAMPLE717"	0.999999149263327	1	56.0152871964667	562.984712803533	0
"SAMPLE755"	0.999999149263327	1	51.2558521466106	567.744147853389	6.69645026329336e-27
"SAMPLE850"	0.999999149263327	1	60.152822427304	558.847177572696	3.18297952676026e-26
"SAMPLE965"	0.999999149263327	1	58.4239943203759	560.576005679624	0
"SAMPLE12"	0.99999917080446	1	51.2740152636903	567.72598473631	1.29358365490781e-26
"SAMPLE3"	0.99999917080446	1	51.5513933497524	567.448606650248	0
"SAMPLE529"	0.99999917080446	1	56.9291039605321	562.070896039468	0
"SAMPLE635"	0.99999917080446	1	51.7437101615846	567.256289838415	0
"SAMPLE66"	0.99999917080446	1	54.9677655541084	564.032234445892	7.13482843898432e-40
"SAMPLE703"	0.99999917080446	1	57.4965652752248	561.503434724775	0
"SAMPLE712"	0.99999917080446	1	55.7978079271108	563.202192072889	4.58171773871076e-23
"SAMPLE768"	0.99999917080446	1	68.8213716268143	550.178628373186	8.42598927365653e-28
"SAMPLE119"	0.999999192920327	1	56.0902563171289	562.909743682871	1.51638014018712e-26
"SAMPLE228"	0.999999192920327	1	54.1256718844412	564.874328115559	0
"SAMPLE708"	0.999999192920327	1	69.880202985786	549.119797014214	0
"SAMPLE794"	0.999999192920327	1	55.2142991214255	563.785700878574	4.62366868960219e-23
"SAMPLE160"	0.999999215659542	1	58.3807305985193	560.619269401481	8.32158147834759e-28
"SAMPLE164"	0.999999215659542	1	57.6332275979113	561.366772402089	1.3731070890156e-22
"SAMPLE25"	0.999999215659542	1	71.4975501821759	547.502449817824	1.02115309410485e-28
"SAMPLE291"	0.999999215659542	1	62.397637851917	556.602362148083	1.80083656133142e-22
"SAMPLE467"	0.999999215659542	1	57.6721133814991	561.327886618501	0
"SAMPLE647"	0.999999215659542	1	51.9093491999665	567.090650800034	1.0712589628808e-22
"SAMPLE689"	0.999999215659542	1	58.5575370026378	560.442462997362	0
"SAMPLE706"	0.999999215659542	1	59.2351473040853	559.764852695915	0
"SAMPLE213"	0.999999239077987	1	49.6261640724588	569.373835927541	0
"SAMPLE271"	0.999999239077987	1	66.2718366528411	552.728163347159	0
"SAMPLE288"	0.999999239077987	1	56.2591296078885	562.740870392112	3.22388959071175e-27
"SAMPLE483"	0.999999239077987	1	58.0594883536194	560.940511646381	2.67748044426286e-24
"SAMPLE493"	0.999999239077987	1	57.3836259320535	561.616374067946	0
"SAMPLE665"	0.999999239077987	1	58.8825518742849	560.117448125715	0
"SAMPLE855"	0.999999239077987	1	59.6154194135694	559.384580586431	0
"SAMPLE860"	0.999999239077987	1	55.9596560316365	563.040343968364	4.08168444417298e-28
"SAMPLE87"	0.999999239077987	1	63.2101815339784	555.789818466022	2.52596706186067e-22
"SAMPLE127"	0.999999263240429	1	57.2234667367174	561.776533263283	3.39240267280901e-27
"SAMPLE249"	0.999999263240429	1	56.4340814726409	562.565918527359	0
"SAMPLE302"	0.999999263240429	1	62.8401326199067	556.159867380093	0
"SAMPLE336"	0.999999263240429	1	51.0576619917026	567.942338008297	0
"SAMPLE424"	0.999999263240429	1	51.5543839098927	567.445616090107	3.33051172082896e-27
"SAMPLE498"	0.999999263240429	1	58.3920342164931	560.607965783507	1.28304552571657e-26
"SAMPLE508"	0.999999263240429	1	62.8787829087859	556.121217091214	1.02584478546213e-23
"SAMPLE664"	0.999999263240429	1	60.9722159695928	558.027784030407	6.6116777519451e-27
"SAMPLE81"	0.999999263240429	1	49.1328548397653	569.867145160235	3.21861124076082e-27
"SAMPLE316"	0.999999288222632	1	58.0579478723639	560.942052127636	0
"SAMPLE323"	0.999999288222632	1	56.5413498118605	562.458650188139	1.80621378114885e-43
"SAMPLE546"	0.999999288222632	1	75.7817159490467	543.218284050953	4.71957867554566e-21
"SAMPLE56"	0.999999288222632	1	52.9103009060283	566.089699093972	0
"SAMPLE678"	0.999999288222632	1	46.4192718481909	572.580728151809	0
"SAMPLE808"	0.999999288222632	1	56.1455976087704	562.85440239123	6.17938832076581e-26
"SAMPLE827"	0.999999288222632	1	62.3107843106364	556.689215689364	0
"SAMPLE862"	0.999999288222632	1	51.0765172069151	567.923482793085	1.54042137751222e-23
"SAMPLE941"	0.999999288222632	1	57.3880999469714	561.611900053029	0
"SAMPLE254"	0.999999314114166	1	58.2047818258377	560.795218174162	0
"SAMPLE395"	0.999999314114166	1	50.0718723989423	568.928127601058	1.55469576715032e-21
"SAMPLE440"	0.999999314114166	1	55.4922876391221	563.507712360878	1.98532960434487e-21
"SAMPLE556"	0.999999314114166	1	56.9542871914936	562.045712808506	0
"SAMPLE672"	0.999999314114166	1	51.5265522711527	567.473447728847	2.62329907091631e-26
"SAMPLE737"	0.999999314114166	1	52.7988333944073	566.201166605593	2.54339937257576e-26
"SAMPLE180"	0.999999341022206	1	61.5586373610302	557.44136263897	0
"SAMPLE207"	0.999999341022206	1	56.5491921732612	562.450807826739	0
"SAMPLE212"	0.999999341022206	1	54.7671397502104	564.23286024979	6.68457606174742e-27
"SAMPLE235"	0.999999341022206	1	56.3768827544429	562.623117245557	1.6099109374759e-22
"SAMPLE253"	0.999999341022206	1	65.1612073259259	553.838792674074	6.43304746507087e-26
"SAMPLE373"	0.999999341022206	1	55.5824811293986	563.417518870601	1.86709283571459e-23
"SAMPLE517"	0.999999341022206	1	53.9292385649607	565.070761435039	4.20501277991678e-28
"SAMPLE686"	0.999999341022206	1	59.709476239765	559.290523760235	8.32492878777678e-24
"SAMPLE870"	0.999999341022206	1	55.9994588064031	563.000541193597	0
"SAMPLE893"	0.999999341022206	1	59.0597129981713	559.940287001829	2.7446788184322e-25
"SAMPLE917"	0.999999341022206	1	52.4795492355238	566.520450764476	1.07838766116539e-72
"SAMPLE990"	0.999999341022206	1	60.4131823221132	558.586817677887	9.47834736305197e-22
"SAMPLE108"	0.999999369076797	1	53.3343053946245	565.665694605376	1.29747678898537e-26
"SAMPLE233"	0.999999369076797	1	59.8054757862162	559.194524213784	0
"SAMPLE312"	0.999999369076797	1	46.7284043425126	572.271595657487	0
"SAMPLE342"	0.999999369076797	1	66.4523167443206	552.54768325568	1.03044911908546e-21
"SAMPLE383"	0.999999369076797	1	52.3441762600812	566.655823739919	3.29783408973044e-27
"SAMPLE45"	0.999999369076797	1	59.1797670693424	559.820232930658	3.51321939663228e-21
"SAMPLE481"	0.999999369076797	1	64.9567255560611	554.043274443939	8.13458094495109e-28
"SAMPLE516"	0.999999369076797	1	63.7003117066852	555.299688293315	2.69419377721595e-24
"SAMPLE587"	0.999999369076797	1	54.4861078327687	564.513892167231	8.21422368585118e-28
"SAMPLE628"	0.999999369076797	1	59.5931898114688	559.406810188531	5.99471415296819e-23
"SAMPLE68"	0.999999369076797	1	55.8421173608373	563.157882639163	1.9423523997092e-23
"SAMPLE713"	0.999999369076797	1	58.0472160832374	560.952783916763	0
"SAMPLE844"	0.999999369076797	1	59.8647913751239	559.135208624876	8.42148433429894e-28
"SAMPLE954"	0.999999369076797	1	55.5600545219472	563.439945478053	1.24453392097337e-26
"SAMPLE34"	0.999999398438329	1	58.7433238131879	560.256676186812	1.00761260641155e-24
"SAMPLE415"	0.999999398438329	1	56.1487348255869	562.851265174413	0
"SAMPLE442"	0.999999398438329	1	53.3105839023603	565.68941609764	2.65752790894172e-26
"SAMPLE484"	0.999999398438329	1	54.718302757177	564.281697242823	2.00172383666606e-23
"SAMPLE724"	0.999999398438329	1	55.5419193858078	563.458080614192	6.53837877246718e-27
"SAMPLE728"	0.999999398438329	1	67.0986394843662	551.901360515634	0
"SAMPLE749"	0.999999398438329	1	61.0378090956988	557.962190904301	3.31688241200222e-23
"SAMPLE758"	0.999999398438329	1	58.8079813196777	560.192018680322	0
"SAMPLE783"	0.999999398438329	1	49.3644227479221	569.635577252078	1.64530493399304e-27
"SAMPLE819"	0.999999398438329	1	59.7376456566943	559.262354343306	1.01970252155368e-25
"SAMPLE963"	0.999999398438329	1	49.5472005487429	569.452799451257	1.54414213430187e-27
"SAMPLE116"	0.99999942930849	1	59.3497419317823	559.650258068218	8.40177674860856e-28
"SAMPLE392"	0.99999942930849	1	61.1477449218292	557.852255078171	1.5768318167608e-27
"SAMPLE426"	0.99999942930849	1	67.5807758449019	551.419224155098	8.68343136565561e-23
"SAMPLE525"	0.99999942930849	1	59.0827249801188	559.917275019881	0
"SAMPLE776"	0.99999942930849	1	58.1518118798374	560.848188120163	4.26388441325783e-23
"SAMPLE962"	0.99999942930849	1	59.4465559899753	559.553444010025	0
"SAMPLE11"	0.999999461946885	1	61.3967005138909	557.603299486109	0
"SAMPLE123"	0.999999461946885	1	62.5429855032709	556.457014496729	8.15082477668493e-28
"SAMPLE13"	0.999999461946885	1	59.6319746299779	559.368025370022	3.12120525791201e-27
"SAMPLE183"	0.999999461946885	1	57.3123814617698	561.68761853823	1.41660168241774e-24
"SAMPLE192"	0.999999461946885	1	62.7392671596354	556.260732840365	8.79057041185911e-25
"SAMPLE199"	0.999999461946885	1	59.9748053812446	559.025194618755	3.31905547876831e-27
"SAMPLE229"	0.999999461946885	1	69.5305851804178	549.469414819582	4.38458733952276e-28
"SAMPLE352"	0.999999461946885	1	55.7490057440986	563.250994255901	0
"SAMPLE413"	0.999999461946885	1	56.4020098590053	562.597990140995	8.35869642256196e-28
"SAMPLE59"	0.999999461946885	1	56.4502853960614	562.549714603939	5.2489595809014e-25
"SAMPLE691"	0.999999461946885	1	62.4355728721847	556.564427127815	1.66332041917021e-23
"SAMPLE796"	0.999999461946885	1	52.3455270889614	566.654472911039	3.18880325410076e-20
"SAMPLE812"	0.999999461946885	1	58.1873178910357	560.812682108964	6.69506631260524e-27
"SAMPLE890"	0.999999461946885	1	55.8794811348903	563.12051886511	7.95818128214844e-22
"SAMPLE135"	0.999999496697397	1	62.7829988761681	556.217001123832	4.20008783095749e-23
"SAMPLE350"	0.999999496697397	1	57.9571695617976	561.042830438202	5.5460012481792e-23
"SAMPLE446"	0.999999496697397	1	61.2192788341293	557.780721165871	4.84495199092595e-22
"SAMPLE468"	0.999999496697397	1	57.7338585726603	561.26614142734	9.28323727519623e-22
"SAMPLE502"	0.999999496697397	1	61.0321059235506	557.967894076449	1.64011947851118e-27
"SAMPLE632"	0.999999496697397	1	53.8627727623441	565.137227237656	0
"SAMPLE725"	0.999999496697397	1	55.1143874093193	563.885612590681	8.08914449579842e-28
"SAMPLE805"	0.999999496697397	1	60.643011322947	558.356988677053	5.17236297554141e-24
"SAMPLE891"	0.999999496697397	1	44.9661904190556	574.033809580944	1.94902561046587e-25
"SAMPLE918"	0.999999496697397	1	48.5493445362214	570.450655463779	0
"SAMPLE224"	0.999999534032333	1	58.4911498404475	560.508850159553	3.80421479990146e-40
"SAMPLE347"	0.999999534032333	1	55.6562071413285	563.343792858671	1.91108982951315e-40
"SAMPLE512"	0.999999534032333	1	59.7826650140859	559.217334985914	5.19213791077692e-23
"SAMPLE535"	0.999999534032333	1	56.2611062711935	562.738893728806	0
"SAMPLE811"	0.999999534032333	1	67.035855248343	551.964144751657	1.00027029673537e-23
"SAMPLE829"	0.999999534032333	1	66.6483623387062	552.351637661294	0
"SAMPLE854"	0.999999534032333	1	61.7816941531481	557.218305846852	4.18505447570891e-28
"SAMPLE876"	0.999999534032333	1	54.9035486463995	564.096451353601	4.49602739222262e-25
"SAMPLE143"	0.999999574631663	1	60.3370444461904	558.66295555381	4.05151564927719e-21
"SAMPLE147"	0.999999574631663	1	57.4334585318811	561.566541468119	4.86907535319627e-20
"SAMPLE276"	0.999999574631663	1	63.9622641589775	555.037735841022	2.99801914617746e-23
"SAMPLE366"	0.999999574631663	1	62.664061097865	556.335938902135	4.40004135175702e-25
"SAMPLE40"	0.999999574631663	1	61.3065594936911	557.693440506309	0
"SAMPLE433"	0.999999574631663	1	60.2426274924117	558.757372507588	7.12279755491006e-43
"SAMPLE520"	0.999999574631663	1	54.8217064599385	564.178293540062	9.42191243603795e-38
"SAMPLE526"	0.999999574631663	1	54.2127539676798	564.78724603232	0
"SAMPLE909"	0.999999574631663	1	59.1232229473117	559.876777052688	1.63445177713428e-27
"SAMPLE975"	0.999999574631663	1	65.6196866672786	553.380313332721	3.3778017705625e-27
"SAMPLE114"	0.999999619538993	1	51.6448972781662	567.355102721834	0
"SAMPLE144"	0.999999619538993	1	61.4728784915653	557.527121508435	0
"SAMPLE419"	0.999999619538993	1	52.1880484254722	566.811951574528	1.34062059213652e-26
"SAMPLE452"	0.999999619538993	1	51.4799119649698	567.52008803503	1.65595571139284e-27
"SAMPLE582"	0.999999619538993	1	60.0440059508331	558.955994049167	1.66037329658355e-27
"SAMPLE907"	0.999999619538993	1	59.6354869530769	559.364513046923	3.24762377536305e-27
"SAMPLE154"	0.999999670511103	1	57.3659855545218	561.634014445478	0
"SAMPLE401"	0.999999670511103	1	60.4411462948807	558.558853705119	0
"SAMPLE596"	0.999999670511103	1	52.0675729650688	566.932427034931	4.88185673038864e-41
"SAMPLE741"	0.999999670511103	1	55.3613696443201	563.63863035568	1.19262463597707e-25
"SAMPLE912"	0.999999670511103	1	70.7805178680323	548.219482131968	1.77226177415395e-22
"SAMPLE939"	0.999999670511103	1	62.4817612934638	556.518238706536	5.42370105074041e-20
"SAMPLE194"	0.999999730973442	1	68.6971587984464	550.302841201554	0
"SAMPLE20"	0.999999730973442	1	54.6375930286856	564.362406971314	1.30234034182681e-26
"SAMPLE22"	0.999999730973442	1	52.6023627523022	566.397637247698	0
"SAMPLE266"	0.999999730973442	1	62.8403829752648	556.159617024735	1.09049507023875e-23
"SAMPLE274"	0.999999730973442	1	70.7147624294507	548.285237570549	0
"SAMPLE315"	0.999999730973442	1	59.7690965525819	559.230903447418	0
"SAMPLE353"	0.999999730973442	1	58.8627542838392	560.137245716161	8.30068687418482e-28
"SAMPLE361"	0.999999730973442	1	57.3444400741351	561.655559925865	8.2650524345564e-28
"SAMPLE365"	0.999999730973442	1	47.8592148350206	571.14078516498	0
"SAMPLE488"	0.999999730973442	1	49.8190783975974	569.180921602403	1.26964187483937e-21
"SAMPLE52"	0.999999730973442	1	67.0513948963412	551.948605103659	0
"SAMPLE699"	0.999999730973442	1	55.022809210905	563.977190789095	8.14126297710178e-28
"SAMPLE786"	0.999999730973442	1	57.8502200452592	561.149779954741	1.01828029852525e-24
"SAMPLE927"	0.999999730973442	1	63.3156782763627	555.684321723637	8.09218392697841e-27
"SAMPLE113"	0.999999809769497	1	63.38834880656	555.61165119344	6.53318658858302e-27
"SAMPLE133"	0.999999809769497	1	61.274336617181	557.725663382819	0
"SAMPLE134"	0.999999809769497	1	62.3088691551326	556.691130844868	6.81544455870422e-27
"SAMPLE259"	0.999999809769497	1	69.0612637876528	549.938736212347	0
"SAMPLE261"	0.999999809769497	1	44.9195915492846	574.080408450715	6.34377983917863e-27
"SAMPLE272"	0.999999809769497	1	59.5067405378056	559.493259462194	0
"SAMPLE33"	0.999999809769497	1	53.6546888441018	565.345311155898	0
"SAMPLE351"	0.999999809769497	1	61.9648156200443	557.035184379956	1.69792427370374e-27
"SAMPLE420"	0.999999809769497	1	64.5511640588085	554.448835941192	2.49605217191153e-20
"SAMPLE432"	0.999999809769497	1	59.8673039128108	559.132696087189	8.10471622225072e-28
"SAMPLE551"	0.999999809769497	1	62.4731069738093	556.526893026191	0
"SAMPLE624"	0.999999809769497	1	57.3462695633555	561.653730436645	5.22044838273862e-26
"SAMPLE823"	0.999999809769497	1	55.2030899275945	563.796910072405	1.00679982585387e-23
"SAMPLE826"	0.999999809769497	1	59.0783551721295	559.921644827871	7.24604750906546e-22
"SAMPLE104"	1	1	54.116658032948	564.883341967052	4.17583733805769e-22
"SAMPLE106"	1	1	53.4207250894006	565.579274910599	1.55954244611042e-26
"SAMPLE115"	1	1	58.3428430828767	560.657156917123	1.27589809570678e-25
"SAMPLE118"	1	1	54.2227590723472	564.777240927653	2.01485727725921e-23
"SAMPLE124"	1	1	65.0155341129941	553.984465887006	0
"SAMPLE142"	1	1	48.4944578134875	570.505542186512	0
"SAMPLE149"	1	1	58.1400729059226	560.859927094077	3.91099841486276e-28
"SAMPLE15"	1	1	53.4021931884422	565.597806811558	0
"SAMPLE161"	1	1	62.5583950412068	556.441604958793	8.50082508629904e-28
"SAMPLE162"	1	1	60.3044134190153	558.695586580985	1.6757700783904e-27
"SAMPLE173"	1	1	51.8939874578814	567.106012542119	1.63801508755574e-21
"SAMPLE174"	1	1	49.311600631322	569.688399368678	2.26450960773282e-23
"SAMPLE178"	1	1	52.6323560501636	566.367643949836	0
"SAMPLE179"	1	1	70.4095294920128	548.590470507987	4.21918262370726e-22
"SAMPLE185"	1	1	61.2875493309678	557.712450669032	0
"SAMPLE188"	1	1	67.2744955780239	551.725504421976	1.68176299258891e-27
"SAMPLE19"	1	1	59.803475553296	559.196524446704	0
"SAMPLE191"	1	1	63.4435212754528	555.556478724547	3.86946312200504e-23
"SAMPLE193"	1	1	66.0076639430952	552.992336056905	6.11310480578627e-22
"SAMPLE196"	1	1	61.1260665620315	557.873933437969	6.89651734031189e-26
"SAMPLE200"	1	1	53.8632014652402	565.13679853476	1.65627721670071e-27
"SAMPLE209"	1	1	67.9924845220082	551.007515477992	0
"SAMPLE219"	1	1	65.7765861064945	553.223413893505	0
"SAMPLE225"	1	1	56.6130591525825	562.386940847417	0
"SAMPLE227"	1	1	50.5368627816593	568.463137218341	1.67644744628792e-27
"SAMPLE231"	1	1	59.8026527871917	559.197347212808	1.70668329420829e-27
"SAMPLE236"	1	1	62.0084958925986	556.991504107402	1.05868947821393e-28
"SAMPLE239"	1	1	57.338907132555	561.661092867445	2.55734233316254e-25
"SAMPLE268"	1	1	62.7920215406299	556.20797845937	0
"SAMPLE27"	1	1	59.6363152251194	559.363684774881	3.5478969928636e-22
"SAMPLE270"	1	1	50.54444250116	568.45555749884	6.14887901558369e-26
"SAMPLE279"	1	1	61.0922582170773	557.907741782923	0
"SAMPLE286"	1	1	58.0320122739824	560.967987726018	5.02897113967103e-25
"SAMPLE31"	1	1	61.5462485799016	557.453751420098	0
"SAMPLE313"	1	1	58.6945290865339	560.305470913466	0
"SAMPLE320"	1	1	54.9604204607261	564.039579539274	6.24051952435222e-24
"SAMPLE321"	1	1	59.3486527229994	559.651347277001	3.41728590426322e-27
"SAMPLE326"	1	1	56.0304977986735	562.969502201326	9.90379289019443e-24
"SAMPLE340"	1	1	55.6343537680466	563.365646231954	0
"SAMPLE349"	1	1	58.3023505359901	560.69764946401	2.5224166199897e-25
"SAMPLE362"	1	1	54.3788327967841	564.621167203216	2.78450908036876e-23
"SAMPLE370"	1	1	53.4748659793551	565.525134020645	0
"SAMPLE371"	1	1	57.5285368372799	561.47146316272	4.00317054696524e-28
"SAMPLE372"	1	1	61.12020005968	557.87979994032	0
"SAMPLE376"	1	1	54.0676584404266	564.932341559573	0
"SAMPLE390"	1	1	50.2918198472227	568.708180152777	1.04243075934142e-22
"SAMPLE4"	1	1	53.3324489080004	565.667551092	6.04453767393694e-27
"SAMPLE406"	1	1	56.3551422203415	562.644857779658	4.13648527310095e-28
"SAMPLE411"	1	1	57.3980060321123	561.601993967888	0
"SAMPLE418"	1	1	69.7116036086586	549.288396391341	2.6083283551154e-25
"SAMPLE43"	1	1	49.1524747211301	569.84752527887	1.60642786113693e-27
"SAMPLE431"	1	1	52.6865411484756	566.313458851524	0
"SAMPLE435"	1	1	62.9304957335401	556.06950426646	0
"SAMPLE44"	1	1	55.9215446728078	563.078455327192	0
"SAMPLE445"	1	1	62.5056646912866	556.494335308714	0
"SAMPLE449"	1	1	55.4335366589379	563.566463341062	0
"SAMPLE458"	1	1	64.0556803955772	554.944319604423	2.41620383141558e-21
"SAMPLE466"	1	1	57.3757245345631	561.624275465437	8.78540995613843e-23
"SAMPLE469"	1	1	67.2011667825946	551.798833217405	4.02191501745976e-23
"SAMPLE473"	1	1	59.9199603398898	559.08003966011	0
"SAMPLE475"	1	1	53.5964487625242	565.403551237476	1.01223491466459e-25
"SAMPLE480"	1	1	61.0737046076148	557.926295392385	0
"SAMPLE485"	1	1	59.037744004243	559.962255995757	2.09154073108227e-22
"SAMPLE513"	1	1	57.9521695454573	561.047830454543	5.04488898802698e-22
"SAMPLE532"	1	1	59.088789077037	559.911210922963	3.92932317313384e-27
"SAMPLE540"	1	1	56.9914176586964	562.008582341304	3.04621601232869e-22
"SAMPLE543"	1	1	55.4918006150539	563.508199384946	1.7477523840292e-24
"SAMPLE544"	1	1	66.7071295102407	552.292870489759	4.1975061505928e-28
"SAMPLE55"	1	1	59.3251154449723	559.674884555028	0
"SAMPLE558"	1	1	50.1703586299433	568.829641370057	0
"SAMPLE562"	1	1	65.7959611019562	553.204038898044	8.42768285387709e-28
"SAMPLE567"	1	1	52.1040362413106	566.895963758689	3.47649074977499e-23
"SAMPLE569"	1	1	55.0158942420324	563.984105757968	0
"SAMPLE570"	1	1	66.8321089863932	552.167891013607	0
"SAMPLE581"	1	1	69.7409626609346	549.259037339065	2.92194790922579e-26
"SAMPLE585"	1	1	61.5047287552893	557.495271244711	0
"SAMPLE590"	1	1	54.4028857102651	564.597114289735	7.51448053024958e-24
"SAMPLE592"	1	1	57.849984965152	561.150015034848	6.06686436803898e-24
"SAMPLE594"	1	1	53.1962888580982	565.803711141902	5.23869965802942e-26
"SAMPLE605"	1	1	57.5147165863133	561.485283413687	0
"SAMPLE61"	1	1	64.4443964223661	554.555603577634	0
"SAMPLE612"	1	1	62.8429197713869	556.157080228613	0
"SAMPLE620"	1	1	56.3363792245585	562.663620775441	1.81236210913275e-43
"SAMPLE631"	1	1	63.9541443178421	555.045855682158	1.42307103485912e-26
"SAMPLE641"	1	1	55.9504377724428	563.049562227557	7.97684688261388e-24
"SAMPLE642"	1	1	53.4726758857035	565.527324114297	6.50435013833929e-27
"SAMPLE649"	1	1	48.6625145551618	570.337485444838	8.0997954126455e-28
"SAMPLE650"	1	1	52.5040981400284	566.495901859972	1.2021581903741e-22
"SAMPLE659"	1	1	54.9649506536965	564.035049346304	1.06277258451028e-23
"SAMPLE666"	1	1	64.1023831889	554.8976168111	1.25968238882413e-25
"SAMPLE667"	1	1	61.8339852565545	557.166014743446	0
"SAMPLE669"	1	1	55.5216486430952	563.478351356905	2.4947629468537e-25
"SAMPLE679"	1	1	64.6312531127515	554.368746887249	1.26719299274783e-22
"SAMPLE685"	1	1	46.6756725195264	572.324327480474	2.49065894419209e-26
"SAMPLE688"	1	1	58.4706075165078	560.529392483492	8.46950438884431e-24
"SAMPLE700"	1	1	56.0275088800858	562.972491119914	5.16623444335538e-22
"SAMPLE704"	1	1	52.2832803596242	566.716719640376	1.34467006670176e-26
"SAMPLE732"	1	1	53.7361850025221	565.263814997478	1.00424949183773e-24
"SAMPLE738"	1	1	56.4896256582846	562.510374341716	8.7217911643788e-24
"SAMPLE748"	1	1	58.9241137646003	560.0758862354	3.29017152105654e-27
"SAMPLE751"	1	1	64.1635920181003	554.8364079819	4.18930426831316e-28
"SAMPLE754"	1	1	58.7229586472661	560.277041352734	0
"SAMPLE765"	1	1	52.1361759964227	566.863824003577	5.57952054377755e-23
"SAMPLE770"	1	1	46.5272458202805	572.472754179719	6.27457953923676e-25
"SAMPLE779"	1	1	65.2206228977983	553.779377102202	1.31905590408946e-25
"SAMPLE780"	1	1	58.8906957576375	560.109304242362	5.03660098168405e-26
"SAMPLE782"	1	1	61.2261157248092	557.773884275191	0
"SAMPLE784"	1	1	63.4596931877827	555.540306812217	0
"SAMPLE800"	1	1	64.0661575081566	554.933842491843	2.98514419567367e-22
"SAMPLE803"	1	1	62.9522861232251	556.047713876775	1.96895435229615e-25
"SAMPLE817"	1	1	57.1659147352935	561.834085264706	5.83005119409029e-22
"SAMPLE828"	1	1	52.9684919318792	566.031508068121	1.66354561080248e-27
"SAMPLE830"	1	1	57.6126051090129	561.387394890987	2.61761424846436e-26
"SAMPLE849"	1	1	59.0108328182972	559.989167181703	4.03591203082198e-28
"SAMPLE851"	1	1	60.7817721812855	558.218227818714	1.23042482776679e-25
"SAMPLE865"	1	1	64.6200197112275	554.379980288773	4.26386558285681e-28
"SAMPLE871"	1	1	54.8621769786637	564.137823021336	4.63924829526764e-22
"SAMPLE88"	1	1	52.286283662477	566.713716337523	0
"SAMPLE89"	1	1	59.45796433262	559.54203566738	6.66417036761166e-27
"SAMPLE895"	1	1	61.9051583540095	557.094841645991	0
"SAMPLE90"	1	1	59.8159503607804	559.18404963922	3.31419323876573e-27
"SAMPLE902"	1	1	58.0810966479176	560.918903352082	4.04289186144741e-28
"SAMPLE906"	1	1	56.8461107574916	562.153889242509	0
"SAMPLE910"	1	1	62.0987218966104	556.90127810339	6.34013407455216e-23
"SAMPLE919"	1	1	58.662760542341	560.337239457659	0
"SAMPLE922"	1	1	53.1573229196691	565.842677080331	1.660191612824e-27
"SAMPLE931"	1	1	54.2534865030148	564.746513496985	1.9352718072963e-23
"SAMPLE943"	1	1	57.1915644028039	561.808435597196	1.18411628972573e-38
"SAMPLE945"	1	1	51.9161285738502	567.08387142615	0
"SAMPLE949"	1	1	49.2982680930143	569.701731906986	3.13738577624257e-27
"SAMPLE953"	1	1	50.4408301607032	568.559169839297	7.98772267541467e-28
"SAMPLE97"	1	1	55.045972483129	563.954027516871	0
"SAMPLE970"	1	1	54.4400974376362	564.559902562364	1.5633620358993e-27
"SAMPLE976"	1	1	50.1824524185964	568.817547581404	1.29729522793299e-26
"SAMPLE980"	1	1	58.5945679914472	560.405432008553	1.17054911716158e-22
"SAMPLE985"	1	1	45.4619743495411	573.538025650459	0
"SAMPLE997"	1	1	64.1197388497573	554.880261150243	1.61992413684586e-27
